owner_group,boro_label,BLOCK,LOT,STREET NUMBER,STREET NAME,PARTY TYPE,DOC. TYPE,DOC. DATE
New York University,Brooklyn,828,1,150,55TH STREET 2ND FL,1,,
New York University,Bronx,3370,53,115,EAST 235TH STREET,2,,
Columbia University,Manhattan,1886,1,2950,BROADWAY,2,,
Columbia University,Manhattan,1973,1,2960,BROADWAY,2,,
New York University,Manhattan,546,35,707,BROADWAY,2,,
New York University,Manhattan,546,21,8,WASHINGTON PLACE,2,,
New York University,Manhattan,535,36,17,WEST 3 STREET,2,,
New York University,Manhattan,1373,1334,425,MAIN STREET,2,,
New York University,Manhattan,550,22,1,5 AVENUE,2,,
New York University,Manhattan,548,4,5,UNIVERSITY PLACE,2,,
New York University,Manhattan,550,27,12,EAST 8 STREET,2,,
New York University,Manhattan,550,13,1 1/2,5 AVENUE,2,,
New York University,Queens,579,1303,31-22,29TH STREET,2,,
New York University,Queens,2997,31,63-62,84 PLACE,2,,
New York University,Brooklyn,952,1013,728,SACKETT,2,,
New York University,Brooklyn,1979,1107,483,WASHINGTON AVENUE,2,,
New York University,Brooklyn,577,13,39,WOLCOTT STREET,2,,
New York University,Bronx,3944,3714,1651,METROPOLITAN AVENUE,2,,
New York University,Brooklyn,6050,45,437,88 STREET,2,,
New York University,Queens,7010,6,76-10,174TH STREET,2,,
New York University,Manhattan,621,68,65,CHARLES STREET,1,DEED,01/21/2026
New York University,Manhattan,621,67,63,CHARLES STREET,1,DEED,01/21/2026
New York University,Brooklyn,325,1101,323,CLINTON STREET,2,DEED,12/19/2025
New York University,Queens,11101,10,106-15,215 STREET,2,,
New York University,Manhattan,618,1415,122,GREENWICH AVENUE,1,DEED,11/17/2025
New York University,Manhattan,887,30,195,LEXINGTON AVENUE,2,,
New York University,Manhattan,568,1,35,5 AVENUE,2,,
New York University,Manhattan,570,42,7,EAST 12 STREET,2,,
New York University,Manhattan,547,1,100,WASHINGTON SQUARE EAST,2,,
New York University,Manhattan,843,22,21-25,UNION SQUARE,2,,
New York University,Manhattan,568,32,7,EAST 10 STREET,2,,
New York University,Manhattan,562,30,787,BROADWAY,2,,
New York University,Manhattan,940,12,321,EAST 34 STREET,2,,
New York University,Brooklyn,351,1007,411,CLINTON STREET,2,,
New York University,Brooklyn,1100,1011,425,14 STREET,2,,
New York University,Queens,5004,1048,35-20,147TH STREET,1,DEED,09/29/2025
New York University,Manhattan,100,1121,150,NASSAU STREET,2,,
New York University,Queens,1155,59,32-43,53RD PLACE,1,,
New York University,Manhattan,962,1054,550,1ST AVENUE,2,,
New York University,Manhattan,962,1028,550,1ST AVENUE,2,,
New York University,Manhattan,966,1,606,FIRST AVENUE,2,,
New York University,Manhattan,962,1108,550,1ST AVENUE,2,,
New York University,Manhattan,962,80,522,1 AVENUE,2,,
New York University,Manhattan,962,1109,550,1ST AVENUE,2,,
New York University,Manhattan,962,1071,550,1ST AVENUE,2,,
New York University,Manhattan,962,108,540,1 AVENUE,2,,
New York University,Manhattan,962,1072,550,1ST AVENUE,2,,
New York University,Manhattan,962,1029,550,1ST AVENUE,2,,
New York University,Manhattan,962,1110,550,1ST AVENUE,2,,
New York University,Manhattan,939,28,577,FIRST AVENUE,1,,
New York University,Brooklyn,836,19,150,56 STREET,1,,
The New School,Manhattan,575,61,21,WEST 11TH STREET,1,DEED,07/30/2025
New York University,Manhattan,1373,1381,425,MAIN STREET,1,DEED,07/21/2025
New York University,Brooklyn,1094,77,503,11 STREET,2,,
New York University,Manhattan,554,1003,770,BROADWAY,2,,
New York University,Brooklyn,244,1112,134,PIERREPONT STREET,1,DEED,06/18/2025
New York University,Manhattan,554,1001,770,BROADWAY,2,,
New York University,Manhattan,554,1002,770,BROADWAY,2,,
New York University,Manhattan,538,40,566,LA GUARDIA PLACE,2,,
New York University,Manhattan,547,25,21,WASHINGTON PLACE,2,,
New York University,Manhattan,549,1,3,WASHINGTON SQUARE N,2,,
New York University,Manhattan,546,10,18,WASHINGTON PLACE,2,,
New York University,Manhattan,541,23,55,WASHINGTON SQUARE S,2,,
New York University,Manhattan,543,53,139,MAC DOUGAL STREET,2,,
New York University,Manhattan,541,33,249,SULLIVAN STREET,2,,
New York University,Manhattan,535,8,567,LA GUARDIA PLACE,2,,
New York University,Manhattan,541,1,40,WASHINGTON SQUARE S,2,,
New York University,Manhattan,535,1,44,WEST 4 STREET,2,,
New York University,Manhattan,547,5,24,WAVERLY PLACE,2,,
New York University,Manhattan,547,8,23,WASHINGTON PLACE,2,,
New York University,Manhattan,546,11,35,WEST 4 STREET,2,,
New York University,Manhattan,548,21,25,WAVERLY PLACE,2,,
New York University,Manhattan,540,14,130,MAC DOUGAL STREET,2,,
New York University,Manhattan,552,26,37,WASHINGTON SQUARE W,2,,
New York University,Manhattan,541,18,51,WASHINGTON SQUARE S,2,,
New York University,Manhattan,930,34,421,1 AVENUE,2,,
New York University,Manhattan,962,100,433,EAST 25 STREET,2,,
New York University,Manhattan,931,21,334,EAST 26 STREET,2,,
Fordham University,Bronx,3273,1,441,EAST FORDHAM ROAD,1,,
New York University,Manhattan,1385,1102,33,EAST 70TH STREET,1,,
Fordham University,Manhattan,1132,1,106,COLUMBUS AVENUE,1,,
New York University,Manhattan,1291,1105,555,MADISON AVE,2,DEEDO,02/10/2025
New York University,Manhattan,1291,1102,555,MADISON AVE,2,DEEDO,02/10/2025
New York University,Manhattan,1291,1104,555,MADISON AVE,2,DEEDO,02/10/2025
New York University,Manhattan,1291,1101,555,MADISON AVE,2,DEEDO,02/10/2025
New York University,Manhattan,1291,1103,555,MADISON AVE,2,DEEDO,02/10/2025
New York University,Brooklyn,820,1001,5423,FIRST AVENUE,1,,
New York University,Brooklyn,820,1002,5423,FIRST AVENUE,1,,
New York University,Brooklyn,820,1003,5423,FIRST AVENUE,1,,
New York University,Brooklyn,820,1007,5423,FIRST AVENUE,1,,
New York University,Brooklyn,820,1004,5423,FIRST AVENUE,1,,
New York University,Brooklyn,820,1006,5423,FIRST AVENUE,1,,
New York University,Brooklyn,820,1005,5423,FIRST AVENUE,1,,
New York University,Brooklyn,820,58,5423,1 AVENUE,1,,
New York University,Manhattan,889,50,160,EAST 34 STREET,1,,
New York University,Manhattan,923,1,302,2 AVENUE,1,,
New York University,Manhattan,1841,1215,455,CENTRAL PARK WEST,2,,
New York University,Manhattan,1683,1011,324,EAST 112 STREET,2,,
New York University,Manhattan,1291,1001,555,MADISON AVE,1,,
New York University,Manhattan,546,40,1,WEST 4 ST,2,DEED,01/30/2025
New York University,Brooklyn,5064,28,28,CLARKSON AVENUE,2,,
New York University,Manhattan,559,12,106,EAST 14 STREET,2,,
New York University,Manhattan,559,22,126,EAST 14 STREET,2,,
New York University,Manhattan,1171,1271,200,RIVERSIDE BOULEVARD,1,,
New York University,Manhattan,1543,1052,345,EAST 80TH STREET,2,,
The New School,Manhattan,570,1144,21,EAST 12TH STREET,1,,
New York University,Manhattan,206,1106,123,BAXTER STREET,2,,
New York University,Brooklyn,828,100,,1 AVENUE,1,,
New York University,Manhattan,888,1402,1,PARK AVE,1,DEEDO,09/13/2024
New York University,Manhattan,888,1401,1,PARK AVE,1,DEEDO,09/13/2024
New York University,Brooklyn,5148,41,335,EAST 17TH STREET,2,,
New York University,Brooklyn,1162,1403,529,PARK PLACE,2,,
Pratt Institute,Brooklyn,1920,1,200,WILLOUGHBY AVENUE,1,,
New York University,Brooklyn,2765,1105,167,DEVOE STREET,2,,
New York University,Manhattan,888,1203,1,PARK AVENUE,1,,
New York University,Manhattan,2096,1003,725,RIVERSIDE DRIVE,1,,
New York University,Manhattan,461,6,35,COOPER SQUARE,2,DEED,08/15/2024
New York University,Manhattan,1139,1502,1980,BROADWAY,1,DEED,08/13/2024
New York University,Manhattan,1139,1501,1980,BROADWAY,1,DEED,08/13/2024
New York University,Manhattan,1139,1503,1980,BROADWAY,1,DEED,08/13/2024
New York University,Manhattan,1239,1206,2461,BROADWAY,1,,
New York University,Manhattan,1139,1489,1992,BROADWAY,1,,
The New School,Manhattan,743,1003,300,WEST 20TH STREET,1,,
New York University,Manhattan,546,1,79,WASHINGTON SQUARE EAST,2,,
New York University,Manhattan,1291,1003,555,MADISON AVE,1,,
New York University,Manhattan,1291,1002,555,MADISON AVE,1,,
New York University,Brooklyn,683,1102,88,33RD ST,1,DEED,02/29/2024
New York University,Brooklyn,683,1103,88,33RD ST,1,DEED,02/29/2024
New York University,Brooklyn,683,1101,88,33RD ST,1,DEED,02/29/2024
New York University,Brooklyn,683,1002,88,33RD ST,1,,
New York University,Brooklyn,5784,1102,6025,6 AVENUE,2,,
New York University,Brooklyn,5784,1101,6025,6 AVENUE,2,DEED,03/20/2024
New York University,Queens,11441,23,153-32,80TH STREET,2,,
New York University,Brooklyn,5034,76,69,RUTLAND ROAD,2,,
St. John's University,Queens,7021,1,8150A,UTOPIA PARKWAY,1,,
St. John's University,Queens,7021,75,81-50C,UTOPIA PARKWAY,1,,
New York University,Manhattan,1599,1159,1400,5 AVENUE,2,,
Pratt Institute,Brooklyn,1923,1,238,CLASSON AVEUNE,1,,
New York University,Bronx,3258,175,3448,CANNON PLACE,2,,
New York University,Manhattan,1727,1059,380,LENOX AVENUE,2,,
New York University,Brooklyn,3896,63,4,VAN SICLEN COURT,1,,
New York University,Manhattan,1871,20,233,WEST 99TH STREET,1,,
New York University,Manhattan,900,1025,215,EAST 19TH STREET,2,DEED,05/01/2023
New York University,Manhattan,900,1062,215,EAST 19TH STREET,2,DEED,05/01/2023
New York University,Queens,7046,22,82-63,166TH STREET,1,,
New York University,Manhattan,1000,29,1211,AVENUE OF THE AMER,2,,
New York University,Manhattan,969,1180,415,EAST 37TH STREET,2,,
New York University,Brooklyn,245,1185,360,FURMAN STREET,2,,
New York University,Brooklyn,1958,1118,442,CLERMONT AVENUE,2,,
New York University,Brooklyn,339,1207,291,UNION STREET,2,,
Pratt Institute,Brooklyn,1922,1,225,STEUBEN STREET,1,,
Pratt Institute,Brooklyn,1921,64,212,STEUBEN STREET,1,,
Pratt Institute,Brooklyn,1921,19,203,GRAND AVENUE,1,,
Pratt Institute,Brooklyn,1921,1,333,WAVERLY AVENUE,1,,
Pratt Institute,Brooklyn,1920,2,249,RYERSON STREET,1,,
Pratt Institute,Brooklyn,1919,100,349,DEKALB AVENUE,1,,
Pratt Institute,Brooklyn,1919,50,189,WILLOUGHBY AVENUE,1,,
Pratt Institute,Brooklyn,1919,1,166,WILLOUGHBY AVENUE,1,,
New York University,Manhattan,939,9037,,1 AVENUE,1,,
New York University,Manhattan,939,9036,,1 AVENUE,1,,
New York University,Manhattan,939,9035,,1 AVENUE,1,,
New York University,Manhattan,939,9034,,1 AVENUE,1,,
New York University,Manhattan,621,1,538,HUDSON STREET,2,,
New York University,Manhattan,968,1306,630,FIRST AVENUE,1,,
New York University,Brooklyn,5281,29,208,GREENWOOD AVENUE,1,,
New York University,Queens,10580,33,89-36,212TH STREET,2,,
New York University,Manhattan,900,1015,215,EAST 19TH STREET,1,,
New York University,Manhattan,1291,51,555,MADISON AVENUE,2,,
New York University,Queens,12475,40,179-42,SELOVER ROAD,2,,
New York University,Brooklyn,6405,1016,147,BAY 20TH STREET,1,,
New York University,Brooklyn,1023,77,299,12 STREET,1,,
New York University,Brooklyn,5256,53,217,SEELEY STREET,1,,
New York University,Queens,10981,153,112-20,FRANCIS LEWIS BLVD,1,,
New York University,Manhattan,16,2633,380,RECTOR PLACE,1,,
New York University,Queens,734,1031,448,WEST 37TH STREET,1,,
New York University,Bronx,4454,48,2413,HERING AVENUE,1,,
New York University,Brooklyn,5976,80,71,80TH STREET,1,,
New York University,Manhattan,1253,1510,230,RIVERSIDE DRIVE,1,,
New York University,Manhattan,481,1,400,BROOME STREET,2,,
New York University,Manhattan,962,1,516,1 AVENUE,2,,
New York University,Manhattan,545,53,400,LAFAYETTE STREET,2,DEED,04/18/2023
New York University,Queens,2934,44,61-76,77TH PLACE,2,,
New York University,Manhattan,637,1707,166,PERRY STREET,1,DEED,03/20/2023
New York University,Manhattan,637,1710,166,PERRY STREET,1,DEED,03/20/2023
New York University,Manhattan,577,1156,65,WEST 13TH STREET,1,,
New York University,Queens,3439,53,18-13,LINDEN STREET,1,,
New York University,Brooklyn,5839,3,151,67TH STREET,1,,
New York University,Brooklyn,8817,32,2164,STUART STREET,1,,
New York University,Brooklyn,5180,66,495,EAST 16 STREET,1,,
New York University,Brooklyn,323,23,453,HENRY STREET,2,DEED,01/13/2023
New York University,Manhattan,465,37,34,STUYVESANT STREET,2,,
New York University,Brooklyn,683,1001,88,33RD ST,2,,
New York University,Bronx,5914,349,4807,ARLINGTON AVENUE,2,,
Fordham University,Manhattan,1923,1017,257,WEST 117 STREET,2,,
New York University,Brooklyn,836,30,5610,2 AVENUE,1,,
New York University,Queens,2758,52,62-83,60TH DRIVE,2,,
New York University,Manhattan,1373,1511,425,MAIN STREET,1,,
New York University,Manhattan,888,1201,1,PARK AVENUE,2,,
New York University,Manhattan,888,1202,1,PARK AVENUE,2,,
New York University,Brooklyn,149,1005,445,GOLD STREET,2,,
New York University,Brooklyn,149,1004,445,GOLD STREET,2,,
New York University,Brooklyn,149,1003,445,GOLD STREET,2,,
New York University,Brooklyn,149,1002,1,DEKALB AVENUE,2,,
New York University,Brooklyn,149,1001,1,DEKALB AVENUE,2,,
New York University,Bronx,2364,1031,3044,THIRD AVENUE,2,,
Columbia University,Brooklyn,943,1107,137,4TH AVENUE,2,,
New York University,Manhattan,601,1304,160,LEROY STREET,2,,
New York University,Manhattan,896,1,129,3 AVENUE,2,,
New York University,Manhattan,803,1053,315,7 AVENUE,2,,
New York University,Brooklyn,2058,17,3,METROTECH CENTER,2,DEED,08/31/2022
New York University,Brooklyn,2059,1,4,METROTECH CENTER,1,,
New York University,Manhattan,1373,1420,425,MAIN STREET,2,,
New York University,Manhattan,1373,1450,425,MAIN STREET,2,,
New York University,Manhattan,1826,1208,2040,FREDERICK DOUGLASS B,2,,
New York University,Queens,8119,53,42-37,247TH STREET,2,,
New York University,Brooklyn,377,50,149,NELSON STREET,1,,
New York University,Brooklyn,1104,64,367,16TH STREET,1,,
New York University,Manhattan,1771,120,2017,LEXINGTON AVENUE,1,,
New York University,Manhattan,547,30,721,BROADWAY,2,,
New York University,Manhattan,545,26,740,BROADWAY,2,,
Columbia University,Manhattan,2214,41,425,WEST 218 STREET,2,DEED,06/06/2022
New York University,Brooklyn,1027,1049,500,4 AVENUE,2,,
Columbia University,Manhattan,2214,1,5094,BROADWAY,2,DEED,06/06/2022
New York University,Manhattan,1373,1458,425,MAIN STREET,1,,
New York University,Manhattan,962,1001,433,EAST 30TH STREET,1,,
New York University,Manhattan,962,1002,433,EAST 30TH STREET,1,,
New York University,Manhattan,962,1003,433,EAST 30TH STREET,1,,
New York University,Manhattan,962,1004,433,EAST 30TH STREET,1,,
New York University,Manhattan,962,1005,433,EAST 30TH STREET,1,,
New York University,Manhattan,962,1006,433,EAST 30TH STREET,1,,
New York University,Manhattan,962,1007,433,EAST 30TH STREET,1,,
New York University,Manhattan,962,1008,433,EAST 30TH STREET,1,,
New York University,Manhattan,962,1009,433,EAST 30TH STREET,1,,
New York University,Manhattan,962,1010,433,EAST 30TH STREET,1,,
New York University,Manhattan,962,1011,433,EAST 30TH STREET,1,,
New York University,Manhattan,962,1012,433,EAST 30TH STREET,1,,
New York University,Manhattan,962,1013,433,EAST 30TH STREET,1,,
New York University,Manhattan,962,1014,433,EAST 30TH STREET,1,,
New York University,Manhattan,962,1015,433,EAST 30TH STREET,1,,
New York University,Manhattan,962,1016,433,EAST 30TH STREET,1,,
New York University,Manhattan,962,1017,433,EAST 30TH STREET,1,,
New York University,Manhattan,962,1018,433,EAST 30TH STREET,1,,
New York University,Manhattan,962,1019,433,EAST 30TH STREET,1,,
New York University,Manhattan,962,1020,433,EAST 30TH STREET,1,,
New York University,Manhattan,962,1021,433,EAST 30TH STREET,1,,
New York University,Manhattan,962,1022,433,EAST 30TH STREET,1,,
New York University,Manhattan,962,1023,433,EAST 30TH STREET,1,,
New York University,Manhattan,962,1026,433,EAST 30TH STREET,1,,
New York University,Manhattan,962,1024,433,EAST 30TH STREET,1,,
New York University,Manhattan,962,1025,433,EAST 30TH STREET,1,,
New York University,Manhattan,962,1027,433,EAST 30TH STREET,1,,
New York University,Manhattan,962,1030,433,EAST 30TH STREET,1,,
New York University,Manhattan,962,1031,433,EAST 30TH STREET,1,,
New York University,Manhattan,962,1032,433,EAST 30TH STREET,1,,
New York University,Manhattan,962,1033,433,EAST 30TH STREET,1,,
New York University,Manhattan,962,1034,433,EAST 30TH STREET,1,,
New York University,Manhattan,962,1035,433,EAST 30TH STREET,1,,
New York University,Manhattan,962,1036,433,EAST 30TH STREET,1,,
New York University,Manhattan,962,1037,433,EAST 30TH STREET,1,,
New York University,Manhattan,962,1038,433,EAST 30TH STREET,1,,
New York University,Manhattan,962,1039,433,EAST 30TH STREET,1,,
New York University,Manhattan,962,1040,433,EAST 30TH STREET,1,,
New York University,Manhattan,962,1041,433,EAST 30TH STREET,1,,
New York University,Manhattan,962,1042,433,EAST 30TH STREET,1,,
New York University,Manhattan,962,1043,433,EAST 30TH STREET,1,,
New York University,Manhattan,962,1044,433,EAST 30TH STREET,1,,
New York University,Manhattan,962,1045,433,EAST 30TH STREET,1,,
New York University,Manhattan,962,1046,433,EAST 30TH STREET,1,,
New York University,Manhattan,962,1047,433,EAST 30TH STREET,1,,
New York University,Manhattan,962,1048,433,EAST 30TH STREET,1,,
New York University,Manhattan,962,1049,433,EAST 30TH STREET,1,,
New York University,Manhattan,962,1050,433,EAST 30TH STREET,1,,
New York University,Manhattan,962,1051,433,EAST 30TH STREET,1,,
New York University,Manhattan,962,1052,433,EAST 30TH STREET,1,,
New York University,Manhattan,962,1053,433,EAST 30TH STREET,1,,
New York University,Manhattan,962,1055,433,EAST 30TH STREET,1,,
New York University,Manhattan,962,1056,433,EAST 30TH STREET,1,,
New York University,Manhattan,962,1057,433,EAST 30TH STREET,1,,
New York University,Manhattan,962,1058,433,EAST 30TH STREET,1,,
New York University,Manhattan,962,1059,433,EAST 30TH STREET,1,,
New York University,Manhattan,962,1060,433,EAST 30TH STREET,1,,
New York University,Manhattan,962,1061,433,EAST 30TH STREET,1,,
New York University,Manhattan,962,1062,433,EAST 30TH STREET,1,,
New York University,Manhattan,962,1063,433,EAST 30TH STREET,1,,
New York University,Manhattan,962,1064,433,EAST 30TH STREET,1,,
New York University,Manhattan,962,1065,433,EAST 30TH STREET,1,,
New York University,Manhattan,962,1066,433,EAST 30TH STREET,1,,
New York University,Manhattan,962,1067,433,EAST 30TH STREET,1,,
New York University,Manhattan,962,1068,433,EAST 30TH STREET,1,,
New York University,Manhattan,962,1069,433,EAST 30TH STREET,1,,
New York University,Manhattan,962,1070,433,EAST 30TH STREET,1,,
New York University,Manhattan,962,1073,433,EAST 30TH STREET,1,,
New York University,Manhattan,962,1074,433,EAST 30TH STREET,1,,
New York University,Manhattan,962,1075,433,EAST 30TH STREET,1,,
New York University,Manhattan,962,1076,433,EAST 30TH STREET,1,,
New York University,Manhattan,962,1077,433,EAST 30TH STREET,1,,
New York University,Manhattan,962,1078,433,EAST 30TH STREET,1,,
New York University,Manhattan,962,1079,433,EAST 30TH STREET,1,,
New York University,Manhattan,962,1080,433,EAST 30TH STREET,1,,
New York University,Manhattan,962,1084,433,EAST 30TH STREET,1,,
New York University,Manhattan,962,1081,433,EAST 30TH STREET,1,,
New York University,Manhattan,962,1082,433,EAST 30TH STREET,1,,
New York University,Manhattan,962,1083,433,EAST 30TH STREET,1,,
New York University,Manhattan,962,1085,433,EAST 30TH STREET,1,,
New York University,Manhattan,962,1086,433,EAST 30TH STREET,1,,
New York University,Manhattan,962,1087,433,EAST 30TH STREET,1,,
New York University,Manhattan,962,1088,433,EAST 30TH STREET,1,,
New York University,Manhattan,962,1089,433,EAST 30TH STREET,1,,
New York University,Manhattan,962,1090,433,EAST 30TH STREET,1,,
New York University,Manhattan,962,1091,433,EAST 30TH STREET,1,,
New York University,Manhattan,962,1092,433,EAST 30TH STREET,1,,
New York University,Manhattan,962,1093,433,EAST 30TH STREET,1,,
New York University,Manhattan,962,1094,433,EAST 30TH STREET,1,,
New York University,Manhattan,962,1098,433,EAST 30TH STREET,1,,
New York University,Manhattan,962,1095,433,EAST 30TH STREET,1,,
New York University,Manhattan,962,1096,433,EAST 30TH STREET,1,,
New York University,Manhattan,962,1097,433,EAST 30TH STREET,1,,
New York University,Manhattan,962,1099,433,EAST 30TH STREET,1,,
New York University,Manhattan,962,1100,433,EAST 30TH STREET,1,,
New York University,Manhattan,962,1101,433,EAST 30TH STREET,1,,
New York University,Manhattan,962,1102,433,EAST 30TH STREET,1,,
New York University,Manhattan,962,1103,433,EAST 30TH STREET,1,,
New York University,Manhattan,962,1104,433,EAST 30TH STREET,1,,
New York University,Manhattan,962,1105,433,EAST 30TH STREET,1,,
New York University,Manhattan,962,1106,433,EAST 30TH STREET,1,,
New York University,Manhattan,962,1107,433,EAST 30TH STREET,1,,
New York University,Brooklyn,5283,23,99,EAST 4TH STREET,2,,
New York University,Brooklyn,5986,4,8015,COLONIAL ROAD,1,,
St. John's University,Queens,7021,50,81-50B,UTOPIA PARKWAY,1,,
St. John's University,Queens,7021,100,81-50D,UTOPIA PARKWAY,1,,
New York University,Brooklyn,5172,12,2821,CORTELYOU ROAD,1,,
New York University,Brooklyn,1181,1117,225,EASTERN PARKWAY,1,,
New York University,Queens,5137,1175,138-35,ELDER AVENUE,1,,
New York University,Queens,5137,1156,138-35,ELDER AVENUE,1,,
New York University,Queens,5137,1414,138-35,ELDER AVENUE,1,,
New York University,Queens,3021,25,64-58,84TH STREET,1,,
New York University,Manhattan,391,41,337,EAST 8 STREET,1,,
New York University,Brooklyn,5013,47,3820,FARRAGUT ROAD,1,,
New York University,Manhattan,68,1233,90,WILLIAM STREET,1,,
New York University,Manhattan,1746,44,62,EAST 120 STREET,1,,
New York University,Manhattan,16,1604,30,LITTLE WEST STREET,1,,
New York University,Brooklyn,1255,13,864,ST JOHNS PLACE,1,,
New York University,Brooklyn,7794,34,1377,EAST 46TH STREET,1,,
New York University,Bronx,5731,878,2741,ARLINGTON AVENUE,2,,
The New School,Manhattan,921,51,318,EAST 15TH STREET,2,DEED,03/31/2022
New York University,Brooklyn,1247,1002,834,STERLING PLACE,2,,
New York University,Brooklyn,5029,61,193,MAPLE STREET,2,,
New York University,Manhattan,1047,1075,340,WEST 57TH STREET,2,,
New York University,Bronx,4717,36,1469,NEEDHAM AVENUE,2,,
New York University,Manhattan,1171,3614,100,RIVERSIDE BLVD.,2,,
New York University,Manhattan,523,44,194,MERCER STREET,2,,
New York University,Manhattan,531,20,383,LAFAYETTE STREET,2,,
New York University,Manhattan,544,50,20,COOPER SQUARE,2,,
New York University,Manhattan,533,1,1,WASHINGTON SQ VLLGE,2,,
New York University,Manhattan,524,66,100,BLEECKER STREET,2,,
New York University,Bronx,5808,354,316,WEST 245 STREET,2,,
New York University,Manhattan,613,20,230,WEST 11TH STREET,2,,
Columbia University,Manhattan,2004,171,,WEST 132 STREET,2,DEED,12/30/2021
Columbia University,Manhattan,2004,72,2308,JOE DIMAGGIO HIGHWAY,2,DEED,12/30/2021
Columbia University,Manhattan,2004,71,2302,JOE DIMAGGIO HIGHWAY,2,DEED,12/30/2021
Columbia University,Manhattan,2004,68,2298,JOE DIMAGGIO HIGHWAY,2,DEED,12/30/2021
Columbia University,Manhattan,2004,65,2298,12TH AVENUE,2,DEED,12/30/2021
Columbia University,Manhattan,2004,50,,WEST 131 STREET,2,DEED,12/30/2021
Columbia University,Manhattan,2004,46,2290,JOE DIMAGGIO HIGHWAY,2,DEED,12/30/2021
Columbia University,Manhattan,2004,102,2328,12TH AVENUE,2,DEED,12/30/2021
New York University,Manhattan,611,13,52,CHARLES STREET,2,,
New York University,Manhattan,944,1215,673,1 AVENUE,2,,
New York University,Manhattan,944,1214,673,1 AVENUE,2,,
New York University,Manhattan,944,1213,673,1 AVENUE,2,,
New York University,Manhattan,944,1212,673,1 AVENUE,2,,
New York University,Manhattan,944,1211,673,1 AVENUE,2,,
New York University,Manhattan,944,1210,673,1 AVENUE,2,,
New York University,Manhattan,944,1209,673,1 AVENUE,2,,
New York University,Manhattan,944,1208,673,1 AVENUE,2,,
New York University,Manhattan,944,1207,673,1 AVENUE,2,,
New York University,Manhattan,944,1206,673,1 AVENUE,2,,
New York University,Manhattan,944,1205,673,1 AVENUE,2,,
New York University,Manhattan,944,1204,673,1 AVENUE,2,,
New York University,Manhattan,944,1203,673,1 AVENUE,2,,
New York University,Manhattan,944,1202,673,1 AVENUE,2,,
New York University,Manhattan,944,1201,673,FIRST AVENUE,2,,
New York University,Brooklyn,390,58,291,WARREN STREET,2,,
New York University,Brooklyn,4971,1,3702,AVENUE D,2,,
New York University,Brooklyn,1159,70,311,PARK PLACE,1,,
New York University,Manhattan,734,1031,448,WEST 37TH STREET,2,,
The New School,Manhattan,608,29,118,WEST 13TH STREET,1,DEED,09/09/2021
New York University,Manhattan,460,1,1,COOPER SQUARE,2,,
New York University,Manhattan,538,1001,58,WASHINGTON SQUARE S,2,,
New York University,Manhattan,1258,21,11,WEST 42ND STREET,2,,
New York University,Manhattan,547,26,3,WASHINGTON PLACE,2,,
New York University,Manhattan,547,19,7,WASHINGTON PLACE,2,,
New York University,Manhattan,1871,1139,2628,BROADWAY,2,,
New York University,Manhattan,900,1117,215,EAST 19TH STREET,1,,
New York University,Manhattan,900,1114,215,EAST 19TH STREET,1,,
New York University,Manhattan,900,1106,215,EAST 19TH STREET,1,,
New York University,Manhattan,900,1112,215,EAST 19TH STREET,1,,
New York University,Manhattan,900,1104,215,EAST 19TH STREET,1,,
New York University,Manhattan,900,1120,215,EAST 19TH STREET,1,,
New York University,Manhattan,900,1101,215,EAST 19TH STREET,1,,
New York University,Manhattan,900,1098,215,EAST 19TH STREET,1,,
New York University,Manhattan,939,1,604,2 AVENUE,1,,
New York University,Brooklyn,5029,42,258,LINCOLN ROAD,2,,
New York University,Manhattan,1581,5,505,EAST 84TH STREET,2,,
New York University,Manhattan,1849,1108,18,MORNINGSIDE AVENUE,2,,
New York University,Manhattan,465,1,31,3 AVENUE,2,,
New York University,Manhattan,467,1,67,3 AVENUE,2,,
New York University,Manhattan,551,7,19,WASHINGTON SQUARE N,2,,
New York University,Manhattan,551,1,2,5 AVENUE,2,,
The New School,Manhattan,843,45,79,5 AVENUE,2,,
New York University,Manhattan,545,6,708,BROADWAY,2,,
New York University,Manhattan,888,1315,1,PARK AVENUE,2,,
New York University,Manhattan,888,1313,1,PARK AVENUE,2,,
New York University,Manhattan,888,1314,1,PARK AVENUE,2,,
New York University,Manhattan,888,1312,1,PARK AVENUE,2,,
New York University,Manhattan,888,1311,1,PARK AVENUE,2,,
New York University,Manhattan,888,1310,1,PARK AVENUE,2,,
New York University,Manhattan,888,1309,1,PARK AVENUE,2,,
New York University,Manhattan,888,1308,1,PARK AVENUE,2,,
New York University,Manhattan,888,1307,1,PARK AVENUE,2,,
New York University,Manhattan,888,1306,1,PARK AVENUE,2,,
New York University,Manhattan,888,1305,1,PARK AVENUE,2,,
New York University,Manhattan,888,1304,1,PARK AVENUE,2,,
New York University,Manhattan,888,1303,1,PARK AVENUE,2,,
New York University,Manhattan,888,1302,1,PARK AVENUE,2,,
New York University,Manhattan,888,1301,1,PARK AVENUE,2,,
New York University,Queens,8396,68,262-31,GRAND CENTRAL PKWY,1,,
New York University,Manhattan,2180,1459,69,BENNETT AVENUE,2,,
New York University,Brooklyn,3302,31,232,ST NICHOLAS AVENUE,2,,
New York University,Brooklyn,8499,20,1941,EAST 32ND STREET,1,,
New York University,Manhattan,934,20,340,EAST 29TH STREET,2,,
New York University,Brooklyn,890,49,603,20TH STREET,2,,
New York University,Manhattan,849,1286,260,PARK AVENUE SOUTH,1,,
Pratt Institute,Brooklyn,1947,1,65,ST JAMES PLACE,1,,
Pratt Institute,Brooklyn,1905,120,215,WILLOUGHBY AVENUE,1,,
Pratt Institute,Manhattan,609,1102,138,WEST 14TH STREET,1,,
New York University,Brooklyn,1017,1004,432,10TH STREET,2,,
The New School,Manhattan,1503,38,1150,PARK AVENUE,1,,
New York University,Brooklyn,326,4,55,TOMPKINS PLACE,1,,
New York University,Manhattan,1373,1459,425,MAIN STREET,1,,
Fordham University,Bronx,3273,238,2534,HUGHES AVE,2,DEED,03/12/2020
New York University,Brooklyn,236,1220,9,COLLEGE PLACE,1,,
Fordham University,Bronx,3273,233,2535,BELMONT AVENUE,2,DEED,04/01/2020
The New School,Manhattan,923,1002,301,FIRST AVENUE,2,,
The New School,Manhattan,923,1001,301,FIRST AVENUE,2,,
New York University,Manhattan,577,15,48,WEST 14TH STREET,2,,
New York University,Manhattan,1308,1205,601,LEXINGTON AVENUE,1,,
New York University,Manhattan,1308,1204,601,LEXINGTON AVENUE,1,,
New York University,Manhattan,1308,1203,601,LEXINGTON AVENUE,1,,
New York University,Manhattan,1308,1202,601,LEXINGTON AVENUE,1,,
New York University,Manhattan,1308,1201,601,LEXINGTON AVENUE,1,,
New York University,Manhattan,1308,1006,884,3 AVENUE,1,,
New York University,Brooklyn,290,13,340,HENRY STREET,1,,
New York University,Brooklyn,284,17,94,ATLANTIC AVENUE,1,,
New York University,Brooklyn,284,7,339,HICKS STREET,1,,
New York University,Brooklyn,284,6,339,HICKS STREET,1,,
New York University,Brooklyn,284,1,355,HICKS STREET,1,,
New York University,Brooklyn,1091,21,524,8TH STREET,2,,
New York University,Brooklyn,142,1,327,JAY STREET,1,,
New York University,Brooklyn,142,1102,6,METROTECH CENTER,1,,
New York University,Brooklyn,142,1101,6,METROTECH CENTER,1,,
New York University,Manhattan,873,1103,105,EAST 17TH ST,1,,
New York University,Manhattan,873,1102,105,EAST 17TH ST,1,,
New York University,Manhattan,873,1101,105,EAST 17TH ST,1,,
New York University,Manhattan,873,10,105,EAST 17TH STREET,1,,
New York University,Manhattan,142,1,292,GREENWICH STREET,1,,
New York University,Manhattan,142,1101,200,CHAMBERS STREET,1,,
New York University,Manhattan,142,1102,200,CHAMBERS STREET,1,,
New York University,Brooklyn,2095,1137,230,ASHLAND PLACE,2,,
New York University,Manhattan,1373,1383,425,MAIN STREET,2,,
Fordham University,Bronx,5409,470,3341,COUNTRY CLUB ROAD,2,,
New York University,Brooklyn,1972,1102,187,GATES AVENUE,2,,
The New School,Manhattan,576,42,66,5 AVENUE,2,,
The New School,Manhattan,576,36,70,FIFTH AVENUE,2,,
Columbia University,Manhattan,1308,33,880,3 AVENUE,1,,
Fordham University,Bronx,3273,184,2540,CAMBRELENG AVENUE,1,,
Fordham University,Bronx,3273,175,691,EAST FORDHAM ROAD,1,,
Fordham University,Bronx,3273,75,685,EAST FORDHAM ROAD,1,,
New York University,Staten Island,3169,14,524,ODER AVENUE,2,,
New York University,Staten Island,3169,113,524,ODER AVENUE,2,,
New York University,Staten Island,3169,13,526,ODER AVENUE,2,,
Fordham University,Bronx,3273,252,619,EAST FORDHAM ROAD,2,DEED,11/13/2019
The New School,Manhattan,571,1502,10,EAST 14TH STREET,1,DEED,10/24/2019
New York University,Queens,56,36,11-20,46TH ROAD,1,,
New York University,Brooklyn,2557,13,70-74,KENT STREET,1,,
New York University,Brooklyn,2691,1204,282A,NASSAU AVENUE,2,,
New York University,Brooklyn,142,50,313,JAY STREET,2,,
New York University,Manhattan,284,1224,173,EAST BROADWAY,2,,
New York University,Manhattan,457,9,321,BOWERY,1,,
Columbia University,Manhattan,1987,1,3300,BROADWAY,2,DEED,10/02/2019
New York University,Manhattan,1373,1430,425,MAIN STREET,1,,
New York University,Manhattan,1638,1051,161-171,EAST 110 STREET,1,,
New York University,Manhattan,1219,1107,100,WEST 89TH STREET,2,,
New York University,Brooklyn,837,17,228,56TH STREET,2,DEED,08/01/2019
New York University,Brooklyn,837,16,,56TH STREET,2,DEED,08/01/2019
New York University,Queens,3000,14,84-34,DANA CT,2,,
New York University,Brooklyn,2111,1087,1,HANSON PLACE,2,,
New York University,Queens,5054,26,149-08,41ST AVENUE,1,,
New York University,Brooklyn,140,111,368,JAY STREET,2,,
New York University,Manhattan,1373,1382,425,MAIN STREET,1,DEED,03/06/2019
New York University,Manhattan,1548,1349,305,EAST 85TH STREET,1,DEED,01/07/2019
New York University,Brooklyn,8024,38,8706,FLATLANDS AVENUE,1,,
New York University,Manhattan,1308,1002,617,LEXINGTON AVENUE,2,,
New York University,Manhattan,888,1,1,PARK AVENUE,2,,
New York University,Staten Island,748,18,586,WOOLLEY AVENUE,2,,
New York University,Manhattan,1373,1507,425,MAIN STREET,2,,
New York University,Brooklyn,1072,48,49,MONTGOMERY PLACE,1,,
New York University,Brooklyn,225,10,28,ORANGE STREET,2,DEED,07/31/2018
New York University,Manhattan,16,1759,70,LITTLE WEST STREET,2,,
The New School,Manhattan,576,41,68,5 AVENUE,1,,
New York University,Staten Island,2410,105,264,RICHMOND HILL ROAD,2,,
New York University,Manhattan,936,37,545,1 AVENUE,1,DEED,06/18/2018
New York University,Manhattan,135,1218,80,CHAMBERS STREET,2,,
New York University,Brooklyn,147,36,57,WILLOUGHBY STREET,2,,
New York University,Brooklyn,147,2,365,JAY STREET,2,,
New York University,Brooklyn,147,4,351,JAY STREET,2,,
New York University,Manhattan,551,16,27,WASHINGTON SQUARE N,2,DEED,06/21/2018
New York University,Manhattan,943,1069,330,EAST 38TH STREET,2,,
New York University,Brooklyn,820,36,5434,2 AVENUE,2,DEED,05/24/2018
New York University,Brooklyn,836,59,,57TH   STREET,2,,
New York University,Brooklyn,836,53,159,57TH   STREET,2,,
New York University,Brooklyn,836,56,151,57TH   STREET,2,,
New York University,Brooklyn,836,60,,57TH   STREET,2,,
New York University,Brooklyn,836,55,155,57TH   STREET,2,,
New York University,Brooklyn,836,54,157,57TH   STREET,2,,
New York University,Brooklyn,836,52,,57TH   STREET,2,,
New York University,Brooklyn,836,57,149,57TH   STREET,2,,
New York University,Brooklyn,836,58,,57TH   STREET,2,,
New York University,Brooklyn,359,1001,83,WOODHULL STREET,2,,
New York University,Manhattan,556,48,120,EAST 12TH   STREET,2,,
New York University,Manhattan,546,30,31,WEST 4TH   STREET,2,,
New York University,Manhattan,52,1,96,TRINITY PLACE,2,,
New York University,Manhattan,545,15,726,BROADWAY,2,,
Fordham University,Bronx,3273,204,2535,CAMBRELENG AVE,1,,
New York University,Brooklyn,691,44,944,3 AVENUE,2,,
New York University,Brooklyn,687,1,581,2 AVENUE,2,,
New York University,Brooklyn,691,1,607,2 AVENUE,2,,
New York University,Brooklyn,695,43,962,3 AVENUE,2,,
New York University,Brooklyn,683,1,892,3 AVENUE,2,,
New York University,Brooklyn,695,20,627,2 AVENUE,2,,
New York University,Brooklyn,679,1,882,3 AVENUE,2,,
New York University,Brooklyn,695,1,639,2 AVENUE,2,,
New York University,Manhattan,405,1302,525,EAST 11TH   STREET,2,,
New York University,Brooklyn,798,31,362,51ST   STREET,2,,
New York University,Manhattan,550,6,6,WASHINGTON SQUARE N,2,,
New York University,Manhattan,550,1,1,WASHINGTON SQUARE N,2,,
New York University,Manhattan,550,5,5,WASHINGTON SQUARE N,2,,
New York University,Manhattan,550,4,4,WASHINGTON SQUARE N,2,,
New York University,Manhattan,936,1100,333,EAST 30TH,1,,
New York University,Manhattan,918,1025,240,EAST 38TH   STREET,2,DEED,10/05/2017
New York University,Manhattan,918,1007,240,EAST 38TH   STREET,2,DEED,10/05/2017
New York University,Manhattan,918,1008,240,EAST 38TH   STREET,2,DEED,10/05/2017
New York University,Manhattan,918,1006,240,EAST 38TH   STREET,2,DEED,10/05/2017
New York University,Manhattan,918,1026,240,EAST 38TH   STREET,2,DEED,10/05/2017
New York University,Brooklyn,2118,4,107,SOUTH OXFORD STREET,2,DEED,11/01/2017
The New School,Brooklyn,171,58,321 1/2,STATE ST,1,,
New York University,Manhattan,459,1116,52,EAST 4TH   STREET,2,,
New York University,Manhattan,459,1117,52,EAST 4TH   STREET,2,,
New York University,Manhattan,863,67,178,MADISON AVENUE,2,,
New York University,Manhattan,621,74,77,CHARLES STREET,1,DEED,07/27/2017
New York University,Manhattan,1373,1392,425,MAIN STREET,1,,
New York University,Brooklyn,2047,7,307,BRIDGE STREET,1,,
New York University,Brooklyn,6776,18,1630,EAST 14TH   STREET,1,,
New York University,Brooklyn,6776,16,1624,EAST 14TH   STREET,1,,
New York University,Manhattan,546,26,21,WEST 4TH   STREET,2,,
Columbia University,Manhattan,2139,210,52,HAVEN AVENUE,1,,
Columbia University,Manhattan,2139,219,78,HAVEN AVENUE,1,,
New York University,Queens,30,1272,5-43,48TH   AVENUE,2,,
New York University,Queens,30,1220,5-43,48TH AVENUE,2,,
New York University,Queens,6085,39,34-27,203RD   STREET,1,DEED,02/08/2017
New York University,Manhattan,604,1017,130,BARROW STREET,2,,
New York University,Queens,1519,42,42-16,76TH STREET,1,DEED,01/23/2017
New York University,Manhattan,1604,13,19,EAST 98TH   STREET,1,,
New York University,Manhattan,1604,6,5,EAST 98TH,1,,
The New School,Manhattan,577,19,34-42,W 14 STREET,2,DEED,01/10/2017
New York University,Brooklyn,5854,36,6740,4 AVENUE,2,,
New York University,Manhattan,1373,1332,425,MAIN STREET,2,,
Columbia University,Manhattan,2094,1201,3595,BROADWAY,1,,
Columbia University,Manhattan,2094,36,3595-3599,BROADWAY,1,,
Columbia University,Manhattan,2094,1205,3595,BROADWAY,1,,
Columbia University,Manhattan,2094,1204,3595,BROADWAY,1,,
Columbia University,Manhattan,2094,1202,3595,BROADWAY,1,,
Columbia University,Manhattan,2094,1203,3595,BROADWAY,1,,
New York University,Brooklyn,1660,14,524,HANCOCK STREET,2,,
New York University,Queens,3210,21,69-32,LOUBET STREET,2,,
New York University,Manhattan,1505,1076,40,EAST 94TH   STREET,1,,
New York University,Manhattan,898,1021,305,2 AVENUE,1,,
New York University,Manhattan,898,1028,305,2 AVENUE,1,,
New York University,Manhattan,898,1034,305,2 AVENUE,1,,
New York University,Manhattan,898,1026,305,2 AVENUE,1,,
New York University,Manhattan,898,1027,305,2 AVENUE,1,,
New York University,Manhattan,898,1024,305,2 AVENUE,1,,
New York University,Manhattan,898,1030,305,2 AVENUE,1,,
New York University,Manhattan,898,1023,305,2 AVENUE,1,,
New York University,Manhattan,898,1029,305,2 AVENUE,1,,
New York University,Manhattan,898,1031,305,2 AVENUE,1,,
New York University,Manhattan,898,1025,305,2 AVENUE,1,,
New York University,Manhattan,898,1035,305,2 AVENUE,1,,
New York University,Manhattan,1314,1617,222,EAST 41ST   STREET,1,,
New York University,Manhattan,1314,1618,222,EAST 41ST   STREET,1,,
New York University,Manhattan,1314,1611,222,EAST 41ST   STREET,1,,
New York University,Manhattan,1314,15,222,EAST 41ST   STREET,1,,
New York University,Manhattan,1314,1619,222,EAST 41ST   STREET,1,,
New York University,Manhattan,1314,1609,222,EAST 41ST   STREET,1,,
New York University,Manhattan,1314,1622,222,EAST 41ST   STREET,1,,
New York University,Manhattan,1314,1623,222,EAST 41ST   STREET,1,,
New York University,Manhattan,1314,1604,222,EAST 41ST   STREET,1,,
New York University,Manhattan,1314,1613,222,EAST 41ST   STREET,1,,
New York University,Manhattan,1314,1620,222,EAST 41ST   STREET,1,,
New York University,Manhattan,1314,1607,222,EAST 41ST   STREET,1,,
New York University,Manhattan,1314,1612,222,EAST 41ST   STREET,1,,
New York University,Manhattan,1314,1606,222,EAST 41ST   STREET,1,,
New York University,Manhattan,1314,1603,222,EAST 41ST   STREET,1,,
New York University,Manhattan,1314,1601,222,EAST 41ST   STREET,1,,
New York University,Manhattan,1314,1615,222,EAST 41ST   STREET,1,,
New York University,Manhattan,1314,1616,222,EAST 41ST   STREET,1,,
New York University,Manhattan,1314,1614,222,EAST 41ST   STREET,1,,
New York University,Manhattan,1314,1602,222,EAST 41ST   STREET,1,,
New York University,Manhattan,1314,1608,222,EAST 41ST   STREET,1,,
New York University,Manhattan,1314,1610,222,EAST 41ST   STREET,1,,
New York University,Manhattan,1314,1605,222,EAST 41ST   STREET,1,,
New York University,Manhattan,1314,1621,222,EAST 41ST   STREET,1,,
New York University,Manhattan,1314,1624,222,EAST 41ST   STREET,1,,
New York University,Brooklyn,1887,11,129,VANDERBILT AVENUE,2,,
New York University,Brooklyn,784,10,514,49TH   STREET,1,DEED,06/20/2016
New York University,Brooklyn,840,43,5616,6 AVENUE,1,DEED,06/20/2016
Pratt Institute,Brooklyn,1909,15,131,EMERSON PLACE,1,,
New York University,Brooklyn,282,50,350,HICKS STREET,1,,
New York University,Brooklyn,244,1111,134,PIERREPONT STREET,2,DEED,08/10/2016
New York University,Manhattan,1446,1202,330,EAST 72ND   STREET,2,,
New York University,Manhattan,524,70,181,MERCER STREET,1,,
New York University,Bronx,2868,86,147,WEST TREMONT AVENUE,2,,
Pratt Institute,Manhattan,609,1101,138,WEST 14TH   STREET,1,,
New York University,Manhattan,889,51,158,EAST 34TH   STREET,1,,
New York University,Manhattan,889,52,156,EAST 34TH   STREET,1,,
New York University,Brooklyn,844,40,5718,2 AVENUE,2,DEED,05/17/2016
New York University,Manhattan,869,1067,445,5 AVENUE,2,,
Columbia University,Manhattan,1997,1,2283,JOE DIMAGGIO HIGHWAY,1,,
New York University,Manhattan,550,29,16,EAST 8TH   STREET,1,,
New York University,Bronx,4820,3,3993,CARPENTER AVENUE,2,,
New York University,Manhattan,1392,163,14,EAST 78TH   STREET,2,,
New York University,Manhattan,1393,1,1,E 78TH ST,2,,
New York University,Manhattan,927,38,320,EAST 22ND   STREET,1,,
New York University,Queens,3555,26,1634,SUMMERFIELD STREET,2,,
New York University,Manhattan,751,1013,360,WEST 28TH STREET,2,,
New York University,Brooklyn,2044,1004,80,ADELPHI STREET,2,,
New York University,Manhattan,1344,1312,305,EAST 51ST   STREET,2,,
New York University,Brooklyn,7964,32,547,EAST 85TH STREET,2,,
New York University,Manhattan,524,9,124-138,BLEECKER ST,2,,
New York University,Manhattan,533,10,543,LA GUARDIA PLACE,2,,
New York University,Manhattan,537,1,210,THOMPSON STREET,2,,
New York University,Manhattan,535,20,,MERCER STREET,2,DEED,09/03/2015
New York University,Manhattan,535,8020,,MERCER STREET,2,DEED,09/03/2015
New York University,Brooklyn,259,8,43,COLUMBIA PLACE,2,,
New York University,Brooklyn,291,1,349,HENRY STREET,2,,
New York University,Brooklyn,295,13,86,AMITY STREET,2,,
New York University,Brooklyn,291,8,112,PACIFIC STREET,2,,
New York University,Brooklyn,295,7,74,AMITY STREET,2,,
New York University,Brooklyn,295,8,76,AMITY STREET,2,,
New York University,Brooklyn,285,1001,124,ATLANTIC AVENUE,2,,
New York University,Brooklyn,295,21,350,HENRY STREET,2,,
New York University,Brooklyn,295,11,82,AMITY STREET,2,,
New York University,Brooklyn,295,9,78,AMITY STREET,2,,
New York University,Brooklyn,295,14,94,AMITY STREET,2,,
New York University,Brooklyn,295,3,385,HICKS STREET,2,,
New York University,Brooklyn,295,38,113,CONGRESS STREET,2,,
New York University,Manhattan,533,20,,MERCER STREET,2,,
New York University,Manhattan,533,30,,MERCER STREET,2,,
New York University,Brooklyn,2017,39,,,2,,
Columbia University,Manhattan,810,1,,,2,,
The New School,Manhattan,558,37,131,EAST   12 STREET,2,DEED,06/20/1990
Columbia University,Manhattan,2244,1,501,WEST  218 STREET,1,,
The New School,Manhattan,575,17,66,WEST   12 STREET,1,,
The New School,Manhattan,571,1101,22,EAST 14TH   STREET,1,,
The New School,Manhattan,577,1002,72,5 AVENUE,1,,
New York University,Manhattan,615,26,242,WEST 12 STREET,2,,
New York University,Manhattan,1373,1333,425,MAIN STREET,1,DEED,09/19/2007
Columbia University,Manhattan,1867,60,,,2,,
New York University,Bronx,3225,52,,,1,DEED,08/15/1973
New York University,Bronx,3223,30,,,1,DEED,08/15/1973
New York University,Bronx,3224,32,,,1,DEED,08/15/1973
New York University,Manhattan,576,48,11,WEST 12TH STREET,2,,
New York University,Manhattan,467,12,,,1,,
New York University,Manhattan,467,13,,,1,,
New York University,Manhattan,467,58,,,1,,
New York University,Manhattan,467,2,,,1,,
New York University,Manhattan,467,5,,,1,,
Fordham University,Manhattan,1132,10,140,WEST   60 STREET,2,,
Fordham University,Manhattan,1132,20,155,WEST   60 STREET,2,,
Columbia University,Queens,10155,123,,,1,,
Columbia University,Queens,15564,25,,,1,,
Columbia University,Queens,4958,31,,,1,,
Columbia University,Queens,3544,24,,,1,,
Columbia University,Queens,8064,92,,,2,DEED,03/18/1968
Pratt Institute,Brooklyn,1918,16,275,WASHINGTON AVENUE,1,DEED,06/22/2007
The New School,Manhattan,571,1,2,EAST   14 STREET,1,,
New York University,Manhattan,1373,1401,425,MAIN STREET,1,DEED,11/07/2013
Columbia University,Manhattan,1997,21,615,WEST 130TH ST.,2,,
Columbia University,Manhattan,943,1016,330,EAST 38TH   STREET,2,DEED,12/29/2006
Columbia University,Manhattan,1895,55,2901,BROADWAY,1,,
New York University,Manhattan,1373,1472,425,MAIN STREET,1,,
New York University,Manhattan,962,8,433,EAST   30 STREET,1,,
Fordham University,Manhattan,1132,35,49-55,AMSTERDAM AVENUE,1,,
New York University,Brooklyn,765,14,,,2,,
New York University,Brooklyn,684,53,,,2,,
New York University,Brooklyn,5335,58,,,2,,
New York University,Brooklyn,4754,54,,,2,,
New York University,Brooklyn,1334,70,,,2,,
New York University,Brooklyn,2015,63,,,2,,
New York University,Brooklyn,1231,77,,,2,,
New York University,Brooklyn,1533,46,,,2,,
New York University,Brooklyn,4381,44,,,2,,
New York University,Brooklyn,3309,19,,,2,,
New York University,Brooklyn,765,70,,,2,,
New York University,Brooklyn,833,45,,,2,,
New York University,Brooklyn,4088,52,,,2,,
New York University,Brooklyn,4165,2,,,2,,
New York University,Brooklyn,4268,9,,,2,,
New York University,Brooklyn,1406,71,,,2,,
New York University,Brooklyn,738,42,,,2,,
New York University,Brooklyn,4797,77,,,2,,
New York University,Brooklyn,4736,41,,,2,,
New York University,Brooklyn,5625,22,,,2,,
New York University,Brooklyn,3885,172,,,2,,
New York University,Brooklyn,3432,20,,,2,,
New York University,Brooklyn,4267,20,,,2,,
New York University,Brooklyn,3451,51,,,2,,
New York University,Brooklyn,4620,22,,,2,,
New York University,Brooklyn,728,63,,,2,,
New York University,Brooklyn,4202,28,,,2,,
New York University,Brooklyn,3885,176,,,2,,
New York University,Brooklyn,934,22,,,2,,
New York University,Brooklyn,773,50,,,2,,
New York University,Brooklyn,5047,12,,,2,,
New York University,Brooklyn,8662,133,,,2,,
New York University,Brooklyn,737,64,,,2,,
New York University,Brooklyn,3302,15,,,2,,
New York University,Brooklyn,4914,13,,,2,,
New York University,Brooklyn,2429,22,,,2,,
New York University,Brooklyn,1889,38,,,2,,
New York University,Brooklyn,8112,23,,,2,,
New York University,Brooklyn,764,25,,,2,,
New York University,Brooklyn,831,71,,,2,,
New York University,Brooklyn,3954,38,,,2,,
New York University,Brooklyn,757,65,,,2,,
New York University,Brooklyn,3387,15,,,2,,
New York University,Brooklyn,4639,106,,,2,,
New York University,Brooklyn,2072,46,,,2,,
New York University,Brooklyn,3391,42,,,2,,
New York University,Brooklyn,1672,20,,,2,,
New York University,Brooklyn,4400,24,,,2,,
New York University,Brooklyn,4284,22,,,2,,
New York University,Brooklyn,4623,26,,,2,,
New York University,Brooklyn,6974,5,,,2,,
New York University,Brooklyn,393,60,,,2,,
New York University,Brooklyn,1898,58,,,2,,
New York University,Manhattan,939,37,,,1,,
New York University,Queens,5612,6,47-57,HOLLIS COURT BLVD,1,,
New York University,Manhattan,1505,1205,40,EAST 94TH   STREET,2,,
New York University,Manhattan,546,33,,,1,DEED,
Columbia University,Manhattan,1986,6,573-577,WEST 131ST. ST,2,DEEDO,03/31/2004
New York University,Manhattan,532,8,,,1,,
New York University,Manhattan,532,11,,,1,,
New York University,Manhattan,532,9,,,1,,
New York University,Manhattan,532,10,,,1,,
Columbia University,Manhattan,1885,52,538,WEST  114 STREET,2,DEED,08/26/1992
New York University,Manhattan,1361,7,10,MITCHELL PLACE,1,,
New York University,Manhattan,1373,1477,425,MAIN STREET,1,,
New York University,Manhattan,940,20,,,2,,
Columbia University,Manhattan,1884,1,,,2,DEED,
Columbia University,Manhattan,127,1,,,2,,
New York University,Manhattan,939,35,,,2,DEED,
Columbia University,Manhattan,1833,2027,372,CENTRAL PARK WEST,2,,
New York University,Bronx,4483,14,,,2,,
New York University,Manhattan,1373,1368,425,MAIN STREET,2,DEED,06/21/2007
New York University,Bronx,3225,48,,,2,DEED,07/30/1973
New York University,Bronx,3222,62,,,2,DEED,07/30/1973
Columbia University,Manhattan,1070,1,,,2,,
Columbia University,Manhattan,1070,50,,,2,,
Columbia University,Manhattan,1070,54,,,2,,
New York University,Bronx,3225,50,,,2,DEED,04/14/1966
New York University,Bronx,3225,58,,,2,DEED,04/14/1966
New York University,Bronx,3225,60,,,2,DEED,04/14/1966
Columbia University,Manhattan,753,24,,,2,,
New York University,Queens,1164,37,32-46,69 STREET,1,,
New York University,Manhattan,1599,1320,40,WEST 116 STREET,2,,
New York University,Queens,4300,1,,,2,,
New York University,Queens,4271,1,,,2,,
Columbia University,Manhattan,1312,40,968,3 AVENUE,2,DEED,03/27/1992
The New School,Manhattan,558,39,,,2,,
The New School,Manhattan,558,33,,,2,,
The New School,Manhattan,558,32,96,3 AVENUE,2,,
The New School,Manhattan,558,34,,,2,,
Columbia University,Manhattan,1885,24,,,2,DEED,
New York University,Brooklyn,53,1232,100,JAY STREET,2,,
New York University,Manhattan,532,15,661,BROADWAY,2,,
The New School,Manhattan,577,71,,,1,,
Columbia University,Manhattan,1882,54,,,2,,
The New School,Manhattan,68,16,,,1,,
New York University,Manhattan,1373,1397,425,MAIN STREET,1,,
New York University,Manhattan,2110,45,,,2,,
Columbia University,Manhattan,1882,1,,,2,,
The New School,Manhattan,575,23,,,2,,
The New School,Manhattan,575,24,,,2,,
New York University,Manhattan,100,1,60,BEEKMAN STREET,1,,
New York University,Manhattan,548,12,36,EAST 8TH   STREET,1,,
New York University,Manhattan,548,9,13,UNIVERSITY PLACE,1,,
New York University,Manhattan,720,1028,420,WEST   23 STREET,1,,
Columbia University,Manhattan,1998,26,605,WEST 131 STREET,2,DEED,06/20/2008
Columbia University,Manhattan,1998,24,609,WEST 131 STREET,2,DEED,06/20/2008
New York University,Bronx,2883,60,,,1,,
St. John's University,Queens,6715,27,147-28,UNION TURNPIKE,2,DEEDO,08/10/2005
Columbia University,Manhattan,1563,24,,,1,,
New York University,Manhattan,969,5,,,1,,
Fordham University,Manhattan,1132,22,160,WEST 60TH   STREET,1,,
Fordham University,Manhattan,1132,21,165,WEST 60TH   STREET,1,,
Columbia University,Manhattan,2094,37,606,WEST 148 STREET,2,,
Columbia University,Manhattan,1891,67,,,2,DEED,
New York University,Manhattan,1373,1484,425,MAIN STREET,1,,
Columbia University,Manhattan,759,18,,,1,,
New York University,Brooklyn,1043,36,362A,14TH   STREET,2,,
New York University,Manhattan,574,50,,,1,DEED,10/30/1998
New York University,Manhattan,1373,1363,425,MAIN STREET,1,DEED,11/30/2012
Columbia University,Manhattan,2099,40,,,2,,
Columbia University,Manhattan,1997,33,3249,BROADWAY,2,DEED COR,12/15/2004
New York University,Queens,8197,11,46-18,OVERBROOK STREET,1,,
Columbia University,Manhattan,1152,53,,,1,,
Columbia University,Manhattan,1152,13,,,1,,
Columbia University,Manhattan,1152,52,,,1,,
Columbia University,Manhattan,1152,43,,,1,,
Columbia University,Manhattan,1033,41,,,2,DEED,
New York University,Manhattan,1373,1336,425,MAIN STREET,2,DEED,06/21/2007
The New School,Manhattan,819,59,26,WEST 18 STREET,1,DEEDO,12/16/2002
New York University,Manhattan,550,17,60,WASHINGTON MEWS,1,,
New York University,Manhattan,550,18,62,WASHINGTON MEWS,1,,
New York University,Manhattan,550,30,18,EAST 8TH   STREET,1,,
New York University,Manhattan,550,16,58,WASHINGTON MEWS,1,,
New York University,Manhattan,550,24,6,EAST 8TH   STREET,1,,
New York University,Manhattan,550,32,22,EAST 8TH   STREET,1,,
New York University,Manhattan,1373,1338,425,MAIN STREET,1,,
Columbia University,Manhattan,1998,17,615,WEST 131 STREET,2,,
Columbia University,Manhattan,1998,16,633,WEST 131 STREET,2,,
New York University,Manhattan,1373,1514,425,MAIN STREET,1,DEED,08/22/2012
New York University,Manhattan,1393,1001,,,2,DEED,12/31/1998
Columbia University,Manhattan,1883,18,,,1,,
New York University,Manhattan,1373,1509,425,MAIN STREET,1,DEED,07/18/2012
New York University,Brooklyn,1151,74,187,PROSPECT PLACE,1,,
New York University,Manhattan,912,1152,200,EAST 32ND   STREET,2,,
New York University,Manhattan,1373,1442,425,MAIN STREET,1,DEED,09/24/2008
New York University,Manhattan,535,33,13,WEST THIRD STREET,2,,
New York University,Manhattan,52,8,133,GREENWICH STREET,2,,
New York University,Queens,2282,2,45-43,49 STREET,1,,
New York University,Manhattan,939,34,,,1,DEED,05/23/1997
Columbia University,Manhattan,33,34,,,2,,
Columbia University,Manhattan,33,10,,,2,,
Columbia University,Manhattan,33,41,,,2,,
Columbia University,Manhattan,33,33,,,2,,
Columbia University,Manhattan,33,1,,,2,,
Columbia University,Manhattan,1996,50,632,WEST 130TH ST.,2,,
Columbia University,Manhattan,1865,1,1021,AMSTERDAM AVENUE,2,,
New York University,Manhattan,930,20,,,2,DEED,
New York University,Manhattan,918,1013,240,EAST 38TH   STREET,2,DEED,12/21/2010
New York University,Manhattan,918,1011,240,EAST 38TH   STREET,2,DEED,12/21/2010
New York University,Manhattan,918,1012,240,EAST 38TH   STREET,2,DEED,12/21/2010
New York University,Manhattan,918,1003,240,EAST 38TH   STREET,2,DEED,12/21/2010
New York University,Manhattan,918,1002,240,EAST 38TH   STREET,2,DEED,12/21/2010
New York University,Manhattan,918,1009,240,EAST 38TH   STREET,2,DEED,12/21/2010
New York University,Manhattan,918,1014,240,EAST 38TH   STREET,2,DEED,12/21/2010
New York University,Manhattan,918,1010,240,EAST 38TH   STREET,2,DEED,12/21/2010
New York University,Manhattan,918,1001,240,EAST 38TH   STREET,2,DEED,12/21/2010
New York University,Manhattan,918,1004,240,EAST 38TH   STREET,2,DEED,12/21/2010
New York University,Manhattan,918,1005,240,EAST 38TH   STREET,2,DEED,12/21/2010
New York University,Queens,5632,36,48-20,196 PLACE,1,DEED,02/09/2005
Columbia University,Manhattan,1884,11,,,2,DEED,
Pratt Institute,Brooklyn,1933,70,372,DE KALB AVENUE,2,,
New York University,Manhattan,1373,1473,425,MAIN STREET,1,DEED,07/20/2012
Columbia University,Queens,16295,30,417,BEACH 144 STREET,1,DEED,05/12/2008
New York University,Brooklyn,476,1096,505,COURT STREET,2,,
The New School,Brooklyn,301,35,,,2,,
New York University,Manhattan,1373,1391,425,MAIN STREET,2,DEED,08/09/2007
New York University,Queens,7167,3,73-43,179 STREET,2,,
New York University,Bronx,3228,49,,,1,DEED,07/30/1973
New York University,Bronx,3228,32,,,1,DEED,07/30/1973
New York University,Bronx,3234,25,,,1,DEED,07/30/1973
New York University,Bronx,3224,34,,,1,DEED,07/30/1973
New York University,Bronx,3232,103,,,1,DEED,07/30/1973
New York University,Bronx,3224,15,,,1,DEED,07/30/1973
New York University,Bronx,3224,50,,,1,DEED,07/30/1973
New York University,Bronx,3228,39,,,1,DEED,07/30/1973
New York University,Bronx,3228,58,,,1,DEED,07/30/1973
New York University,Bronx,3228,34,,,1,DEED,07/30/1973
New York University,Bronx,3234,28,,,1,DEED,07/30/1973
New York University,Bronx,3224,36,,,1,DEED,07/30/1973
New York University,Bronx,3223,1,,,1,DEED,07/30/1973
New York University,Bronx,3224,37,,,1,DEED,07/30/1973
New York University,Bronx,3228,63,,,1,DEED,07/30/1973
New York University,Bronx,3232,102,,,1,DEED,07/30/1973
New York University,Bronx,3232,78,,,1,DEED,07/30/1973
New York University,Bronx,3217,1,,,1,DEED,07/30/1973
New York University,Bronx,3224,41,,,1,DEED,07/30/1973
New York University,Bronx,3232,108,,,1,DEED,07/30/1973
New York University,Bronx,3217,6,,,1,DEED,07/30/1973
New York University,Bronx,3236,25,,,1,DEED,07/30/1973
New York University,Bronx,3224,7,,,1,DEED,07/30/1973
New York University,Bronx,3220,35,,,1,DEED,07/30/1973
New York University,Bronx,3224,42,,,1,DEED,07/30/1973
New York University,Bronx,3232,70,,,1,DEED,07/30/1973
New York University,Bronx,3224,46,,,1,DEED,07/30/1973
New York University,Bronx,3224,44,,,1,DEED,07/30/1973
New York University,Bronx,3224,39,,,1,DEED,07/30/1973
New York University,Bronx,3232,110,,,1,DEED,07/30/1973
New York University,Bronx,3228,33,,,1,DEED,07/30/1973
New York University,Bronx,3228,41,,,1,DEED,07/30/1973
New York University,Bronx,3224,9,,,1,DEED,07/30/1973
New York University,Bronx,3224,1,,,1,DEED,07/30/1973
New York University,Bronx,3228,62,,,1,DEED,07/30/1973
New York University,Bronx,3217,4,,,1,DEED,07/30/1973
New York University,Manhattan,1373,1393,425,MAIN STREET,1,,
Columbia University,Manhattan,1885,50,,,2,DEED,
New York University,Manhattan,1373,1474,425,MAIN STREET,1,,
New York University,Manhattan,1373,1468,425,MAIN STREET,1,DEED,10/26/2012
New York University,Bronx,3221,36,,,1,DEED,07/30/1973
New York University,Bronx,3221,37,,,1,DEED,07/30/1973
New York University,Manhattan,1373,1379,425,MAIN STREET,1,,
New York University,Manhattan,173,1004,66,LEONARD STREET,1,,
The New School,Manhattan,870,1112,10,UNION SQUARE EAST,2,,
New York University,Manhattan,1373,1476,425,MAIN STREET,1,,
Columbia University,Manhattan,1996,14,637,WEST 125 STREET,2,DEEDO,10/27/2006
New York University,Manhattan,1555,1122,,,2,,
Fordham University,Bronx,3273,102,401,EAST FORDHAM ROAD,1,,
Pratt Institute,Brooklyn,1918,100,,,2,DEED,04/10/1984
Pratt Institute,Brooklyn,1918,50,,,2,DEED,04/10/1984
Pratt Institute,Brooklyn,1918,1,,,2,DEED,04/10/1984
Pratt Institute,Brooklyn,1919,2,,,2,DEED,04/10/1984
New York University,Manhattan,1377,5,,,1,,
New York University,Queens,6609,60,,,2,,
Columbia University,Manhattan,2050,65,,,2,,
Columbia University,Manhattan,1896,9,,,1,,
Columbia University,Manhattan,1896,36,,,1,,
Pratt Institute,Manhattan,866,39,,,1,DEED,
Pratt Institute,Manhattan,886,23,164,LEXINGTON AVENUE,1,,
Pratt Institute,Manhattan,886,21,160,LEXINGTON AVENUE,1,,
Pratt Institute,Manhattan,886,18,,,1,,
The New School,Manhattan,1215,53,150,WEST   85 STREET,1,,
New York University,Manhattan,397,1105,240,EAST HOUSTON STREET,1,,
New York University,Queens,1486,51,40-44,76 STREET,2,DEED,06/01/1983
New York University,Manhattan,1608,5,,,1,,
Columbia University,Manhattan,1997,27,603-7,WEST 130TH STREET,2,DEED COR,02/15/2006
New York University,Manhattan,1373,1380,425,MAIN STREET,2,DEED,05/31/2007
Columbia University,Manhattan,2123,81,49,AUDUBON AVENUE,2,DEED,01/31/2005
The New School,Manhattan,571,1501,10,EAST 14 STREET,1,,
Columbia University,Manhattan,1882,8,,,1,,
New York University,Manhattan,632,1111,,,2,,
Columbia University,Manhattan,1120,1,,,2,,
Columbia University,Manhattan,1895,27,,,2,DEED,
Columbia University,Manhattan,1843,61,975,COLUMBUS AVENUE,2,DEED,07/01/2009
New York University,Manhattan,540,22,,,1,,
New York University,Manhattan,540,21,,,1,,
New York University,Manhattan,540,17,,,1,,
New York University,Manhattan,540,20,,,1,,
New York University,Manhattan,540,16,,,1,,
New York University,Manhattan,1218,52,,,2,,
Columbia University,Manhattan,2123,80,47,AUDUBON AVE,2,,
Columbia University,Manhattan,2123,82,51,AUDUBON AVE,2,,
St. John's University,Queens,6715,36,147-06,UNION TURNPIKE,2,DEEDO,08/10/2005
Pratt Institute,Brooklyn,1924,14,257,CLASSON AVENUE,1,,
New York University,Manhattan,1373,1403,425,MAIN STREET,1,DEED,10/03/2007
The New School,Manhattan,850,1337,280,PARK AVENUE SOUTH,2,,
Fordham University,Manhattan,1375,46,,,1,,
Columbia University,Manhattan,1875,10,2701,BROADWAY,1,,
Columbia University,Manhattan,1875,53,2709,BROADWAY,1,,
New York University,Manhattan,537,30,,,1,DEED,
New York University,Manhattan,1373,1487,425,MAIN STREET,1,DEED,09/01/2007
Columbia University,Manhattan,1986,10,555,WEST 131ST ST,1,,
Columbia University,Manhattan,1986,1,3260,BROADWAY,1,,
Columbia University,Manhattan,1986,65,3280-90,BROADWAY,1,,
Columbia University,Manhattan,1986,30,3270,BROADWAY,1,,
New York University,Manhattan,918,1017,240,EAST 38TH   STREET,2,DEED,12/21/2011
Fordham University,Bronx,3273,318,,,1,DEED,08/16/1974
New York University,Manhattan,1607,59,10,EAST 102 STREET,2,,
Columbia University,Manhattan,1410,33,,,2,,
Columbia University,Manhattan,1996,16,633,WEST 125 STREET,2,DEED COR,05/25/2006
New York University,Manhattan,550,26,,,2,,
New York University,Manhattan,550,3,,,2,,
New York University,Manhattan,550,2,,,2,,
New York University,Manhattan,931,26,,,2,DEED,
Fordham University,Bronx,3273,321,,,2,DEED,01/27/1967
Columbia University,Manhattan,1158,1567,200,WEST END AVENUE,1,,
New York University,Manhattan,541,8001,40,WASHINGTON SQUARE S,1,,
Columbia University,Manhattan,1961,31,,,1,,
Columbia University,Manhattan,1961,61,,,1,,
Columbia University,Manhattan,1961,44,,,1,,
Columbia University,Manhattan,1961,26,,,1,,
New York University,Manhattan,547,20,15,WASHINGTON PLACE,2,,
New York University,Manhattan,546,31,4,WASHINGTON PLACE,2,,
New York University,Manhattan,1115,1181,25,CENTRAL PARK WEST,1,,
Columbia University,Manhattan,1884,154,,,2,,
New York University,Manhattan,1438,308,,,2,,
Columbia University,Manhattan,2124,17,,,1,DEED,
Columbia University,Manhattan,2124,21,,,1,DEED,
Fordham University,Bronx,3273,236,,,2,DEED,01/31/2001
New York University,Manhattan,1373,1483,425,MAIN STREET,1,DEED,09/12/2007
Columbia University,Manhattan,2139,275,,,2,DEED,
New York University,Manhattan,100,12,8,SPRUCE STREETT,1,,
Columbia University,Manhattan,2094,32,,BROADWAY,1,,
New York University,Manhattan,535,49,,,1,DEED,
New York University,Manhattan,535,52,,,1,DEED,
New York University,Manhattan,535,43,,,1,DEED,
New York University,Manhattan,535,57,,,1,DEED,
New York University,Manhattan,535,56,,,1,DEED,
New York University,Manhattan,535,55,,,1,DEED,
New York University,Manhattan,535,50,,,1,DEED,
New York University,Manhattan,535,47,,,1,DEED,
New York University,Manhattan,535,48,,,1,DEED,
Columbia University,Manhattan,2094,29,3589,BROADWAY,1,,
New York University,Manhattan,798,1303,158,WEST 23RD STREET,2,,
The New School,Manhattan,1171,1236,,,2,,
New York University,Manhattan,1373,1369,425,MAIN STREET,1,DEED,09/10/2007
New York University,Manhattan,540,24,230,SULLIVAN STREET,2,DEED,05/16/1983
New York University,Manhattan,936,8,656,1 AVENUE,1,,
Pratt Institute,Brooklyn,1905,1002,524,MYRTLE AVENUE,1,DEED,11/09/2011
New York University,Brooklyn,5047,74,231,WINTHROP STREET,2,,
New York University,Manhattan,1397,1340,,,2,,
Columbia University,Manhattan,1019,41,,,2,,
New York University,Brooklyn,2316,1,1,NORTH    7 STREET,2,,
New York University,Brooklyn,2308,1,,,2,,
New York University,Manhattan,1373,1460,425,MAIN STREET,1,DEED,12/22/2011
New York University,Manhattan,1373,1471,425,MAIN STREET,1,DEED,09/12/2012
Columbia University,Manhattan,1258,42,,,2,,
Pratt Institute,Brooklyn,1918,51,,HALL STREET,1,DEED,05/12/1983
Pratt Institute,Brooklyn,1918,18,265,WASHINGTON AVENUE,1,DEED,05/12/1983
Columbia University,Manhattan,1895,75,,,1,,
Columbia University,Manhattan,1895,78,,,1,,
New York University,Manhattan,1889,1267,845,WEST END AVENUE,2,DEED,02/27/2012
Columbia University,Manhattan,1158,1609,200,WEST END AVENUE,1,,
Columbia University,Manhattan,2120,33,2042,AMSTERDAM AVENUE,1,,
Columbia University,Manhattan,1895,1,,,2,,
Columbia University,Manhattan,1896,87,,,2,DEED,
New York University,Manhattan,936,4222,330,EAST   33 STREET,1,,
The New School,Manhattan,575,72,,,2,DEED,
Fordham University,Bronx,3273,243,,,2,,
New York University,Manhattan,524,1,501,LA GUARDIA PLACE,1,,
New York University,Manhattan,602,1074,1,MORTON SQUARE,1,,
Columbia University,Manhattan,1497,48,60,EAST 86TH   STREET,2,,
New York University,Manhattan,1512,1126,1474,3 AVENUE,2,,
Columbia University,Manhattan,1332,37,,,1,,
Columbia University,Manhattan,1019,24,,,1,,
Columbia University,Manhattan,2180,87,,,1,,
Columbia University,Manhattan,1019,46,,,1,,
Columbia University,Manhattan,1019,49,,,1,,
New York University,Manhattan,573,18,48,WEST 10TH STREET,2,DEED,10/29/2004
New York University,Manhattan,51,15,,,1,,
New York University,Manhattan,531,1006,692,BROADWAY,1,,
St. John's University,Queens,6715,34,147-10,UNION TURNPIKE,2,DEEDO,08/10/2005
New York University,Manhattan,230,1304,15,MERCER STREET,2,,
New York University,Queens,21,1034,46-30,CENTER BOULEVARD,2,,
New York University,Manhattan,1373,1364,425,MAIN STREET,1,DEED,01/14/2013
Columbia University,Manhattan,1995,63,564,RIVERSIDE DRIVE,2,DEED,03/09/1992
New York University,Manhattan,541,31,89,WEST 3 STREET,1,,
New York University,Manhattan,541,1002,245,SULLIVAN ST,1,,
New York University,Manhattan,541,1001,245,SULLIVAN ST,1,,
New York University,Manhattan,1373,1435,425,MAIN STREET,1,,
Columbia University,Manhattan,1937,43,224,WEST 132 STREET,2,,
New York University,Queens,7761,150,222-10,77 AVENUE,2,,
Columbia University,Manhattan,1364,5,,,2,,
Fordham University,Bronx,3273,265,585,EAST FORDHAM ROAD,2,DEED,04/23/2009
Columbia University,Manhattan,2124,39,1146,ST NICHOLAS AVENUE,1,,
Columbia University,Manhattan,2124,33,554,WEST 168 STREET,1,,
Columbia University,Manhattan,2124,35,1148,ST NICHOLAS AVENUE,1,,
Columbia University,Manhattan,2124,25,40,AUDUBON AVENUE,1,,
Pratt Institute,Brooklyn,1905,1001,524,MYRTLE AVENUE,1,DEED,11/09/2011
Columbia University,Manhattan,35,32,,,2,DEED,
St. John's University,Brooklyn,271,1,,,1,,
St. John's University,Brooklyn,271,47,,,1,,
Columbia University,Bronx,5789,33,3260,HENRY HUDSON PARKWAY,2,DEED,07/03/2008
New York University,Manhattan,1377,1104,1,EAST   62 STREET,1,,
Columbia University,Manhattan,2141,17,4070-076,BROADWAY,2,,
Columbia University,Manhattan,1884,10,,,2,DEED,
New York University,Manhattan,1373,1488,425,MAIN STREET,1,DEED,08/28/2007
New York University,Queens,1461,29,35-48,88 STREET,1,,
New York University,Manhattan,525,45,,,2,DEED,
New York University,Manhattan,525,46,,,2,DEED,
New York University,Brooklyn,286,1401,175,PACIFIC ST,2,DEED,09/28/2006
New York University,Manhattan,1373,1457,425,MAIN STREET,1,,
Columbia University,Manhattan,1997,30,3247,BROADWAY,2,DEED COR,09/22/2008
Columbia University,Manhattan,816,5,,,1,,
Columbia University,Manhattan,816,4,,,1,,
Columbia University,Manhattan,816,1,,,1,,
Columbia University,Manhattan,816,6,,,1,,
Fordham University,Bronx,3273,638,,,2,DEED,05/31/2001
Columbia University,Manhattan,1341,33,,,1,DEED,
New York University,Manhattan,1171,4357,60,RIVERSIDE BOULEVARD,2,,
The New School,Manhattan,571,27,,EAST 12TH   STREET,2,DEED,11/01/2007
New York University,Queens,1842,18,,,2,,
New York University,Manhattan,537,17,68,WEST    3 STREET,2,,
Columbia University,Manhattan,1885,20,,,2,DEED,
The New School,Manhattan,1012,29,560,7 AVENUE,1,DEED,04/03/2014
Fordham University,Bronx,3273,343,,,2,DEED,04/01/1970
Columbia University,Manhattan,1997,56,638,WEST 131 STREET,2,DEED,12/15/2004
Columbia University,Manhattan,1993,43,,,2,,
New York University,Manhattan,996,21,,,1,DEED,
New York University,Manhattan,546,3,,,1,,
New York University,Manhattan,642,1157,99,JANE STREET,2,DEED,04/18/2007
New York University,Brooklyn,1103,56,455,15 STREET,2,,
Columbia University,Manhattan,1997,48,622,WEST 131ST ST.,2,,
Columbia University,Manhattan,2074,32,1664,AMSTERDAM AVENUE,2,,
Columbia University,Manhattan,1883,42,,,2,DEED,
New York University,Manhattan,790,1103,,,2,DEED,01/04/2002
New York University,Manhattan,594,1393,505,GREENWICH STREET,2,DEED,05/20/2008
Columbia University,Manhattan,1891,42,,,2,,
New York University,Manhattan,939,38,,,2,,
Columbia University,Manhattan,1997,52,630-634,W 131ST STREET,2,DEEDO,03/28/2006
Columbia University,Manhattan,1029,53,1790,BROADWAY,1,,
New York University,Manhattan,939,1001,303,EAST 33RD   STREET,1,,
Columbia University,Manhattan,1501,20,,,1,,
Columbia University,Manhattan,1896,55,,,2,DEED,
Columbia University,Manhattan,1995,31,3205-19,BROADWAY,1,,
New York University,Manhattan,546,15,,,1,,
New York University,Manhattan,546,20,,,1,,
Columbia University,Manhattan,1996,29,3221,BROADWAY,1,,
Columbia University,Manhattan,1996,18,627,WEST 129 STREET,1,,
Columbia University,Manhattan,1996,36,3233,BROADWAY,1,,
Columbia University,Manhattan,1996,21,613,WEST 129 STREET,1,,
Columbia University,Manhattan,1996,34,3229,BROADWAY,1,,
Columbia University,Manhattan,1996,23,603,WEST 129 STREET,1,,
Columbia University,Manhattan,1996,15,635,WEST 125 STREET,1,,
Columbia University,Manhattan,1996,20,623,WEST 129 STREET,1,,
New York University,Brooklyn,2659,35,639,MORGAN AVENUE,2,,
The New School,Brooklyn,963,80,173,GARFIELD PLACE,2,,
The New School,Manhattan,1012,32,,,2,,
New York University,Manhattan,99999,1,,,1,,
New York University,Manhattan,1186,78,387,WEST END AVENUE,2,,
Columbia University,Queens,2488,33,73-52,52 DRIVE,2,,
New York University,Manhattan,931,24,433,FIRST AVENUE,2,,
New York University,Manhattan,1373,1456,425,MAIN STREET,2,DEED,07/16/2007
Columbia University,Manhattan,1882,61,2852,BROADWAY,2,,
Columbia University,Manhattan,1895,23,,,1,,
Fordham University,Manhattan,1133,11,,,1,DEED,
Columbia University,Manhattan,1883,57,,,1,,
Columbia University,Manhattan,1885,27,,,2,DEED,
Fordham University,Bronx,3056,14,2428,LORILLARD PLACE,2,DEED,08/22/1989
New York University,Manhattan,190,1442,,,2,,
New York University,Brooklyn,131,25,101,TECH PLACE,2,,
New York University,Brooklyn,142,1002,94,TECH PLACE,2,,
New York University,Manhattan,879,1102,310,THIRD AVENUE,1,,
New York University,Manhattan,879,1103,310,THIRD AVENUE,1,,
New York University,Manhattan,879,1101,310,THIRD AVENUE,1,,
Columbia University,Manhattan,1158,1545,200,WEST END AVENUE,2,DEED,03/26/2008
Columbia University,Manhattan,1867,43,,,1,,
Columbia University,Manhattan,1867,44,,,1,,
Columbia University,Manhattan,1867,42,,,1,,
New York University,Manhattan,602,1119,1,MORTON SQUARE,1,,
Fordham University,Bronx,3153,9,,,2,,
Fordham University,Manhattan,746,9,355,WEST   22 STREET,2,DEED,08/14/1990
New York University,Manhattan,541,30,,,1,DEED,11/14/2000
New York University,Manhattan,541,28,,,1,DEED,11/14/2000
New York University,Manhattan,547,18,285,MERCER STREET,1,,
New York University,Manhattan,547,15,12-16,WAVERLY PLACE,1,,
Columbia University,Manhattan,2004,12,2276,JOE DIMAGGIO HIGHWAY,2,,
New York University,Queens,1175,19,32-28,80 STREET,2,DEED,12/02/1987
New York University,Manhattan,944,22,671,1 AVENUE,2,,
New York University,Manhattan,862,1115,14,EAST 33 STREET,1,,
Columbia University,Manhattan,1881,1,255-261,WEST 109TH ST.,2,,
Columbia University,Manhattan,1881,3,2824-826,BROADWAY,2,,
Columbia University,Manhattan,1881,56,550,CATHEDRAL PARKWAY,2,,
Columbia University,Manhattan,1881,4,2828-834,BROADWAY,2,,
Columbia University,Manhattan,1881,6,253,WEST 109TH ST,2,,
Pratt Institute,Brooklyn,1893,10,89,GRAND AVENUE,2,DEED,04/03/2006
Pratt Institute,Brooklyn,1893,13,83,GRAND AVENUE,2,DEED,04/03/2006
Pratt Institute,Brooklyn,1893,40,84,STEUBEN STREET,2,DEED,04/03/2006
Pratt Institute,Brooklyn,1893,11,85,GRAND AVENUE,2,DEED,04/03/2006
Pratt Institute,Brooklyn,1893,43,,STEUBEN STREET,2,DEED,04/03/2006
Pratt Institute,Brooklyn,1893,42,,STEUBEN STREET,2,DEED,04/03/2006
Pratt Institute,Brooklyn,1893,41,,STEUBEN STREET,2,DEED,04/03/2006
Columbia University,Manhattan,1889,66,,,2,,
Fordham University,Manhattan,894,61,,,1,DEED,
New York University,Brooklyn,2340,1556,2,NORTHSIDE PIERS,2,,
New York University,Bronx,5752,121,2,RIVER AVENUE,1,,
Columbia University,Manhattan,1997,40,604-614,WEST 131 STREET,2,DEED COR,05/12/2009
The New School,Manhattan,870,1052,10,UNION SQUARE EAST,2,DEED,03/24/1988
Columbia University,Manhattan,1885,3,,,2,DEED,
Columbia University,Manhattan,886,31,,,2,,
New York University,Manhattan,847,24,874,BROADWAY,2,,
New York University,Manhattan,642,1169,99,JANE STREET,1,,
Columbia University,Manhattan,78,20,,,1,,
New York University,Manhattan,1377,1106,1,EAST   62 STREET,1,,
New York University,Manhattan,1526,1068,201,E. 80TH STREET,2,,
Columbia University,Manhattan,1433,12,,,2,,
New York University,Manhattan,1253,1131,222,RIVERSIDE DRIVE,1,,
Columbia University,Manhattan,1997,14,625,WEST 130 STREET,2,,
Columbia University,Manhattan,1997,17,623,WEST 130 STREET,2,,
New York University,Brooklyn,312,44,241,KANE STREET,2,,
New York University,Manhattan,642,1176,,,1,,
New York University,Manhattan,642,1177,,,1,,
Columbia University,Manhattan,1895,164,,,2,DEED,
New York University,Manhattan,930,38,334,EAST   25 STREET,2,DEED,07/01/1993
New York University,Manhattan,552,24,,,2,DEED,11/14/2000
New York University,Manhattan,552,22,,,2,DEED,11/14/2000
New York University,Manhattan,1373,1469,425,MAIN STREET,1,DEED,01/14/2013
New York University,Manhattan,574,27,34,WEST   11 STREET,2,,
The New School,Manhattan,743,47,189,8 AVENUE,2,,
Columbia University,Manhattan,1885,61,,,2,DEED,
New York University,Manhattan,576,1514,59,WEST 12 STREET,2,,
Pratt Institute,Brooklyn,1903,7,,,1,,
New York University,Manhattan,538,27,58-60,WASHINGTON SQUARE SOUTH,1,,
Columbia University,Manhattan,1997,55,636,WEST 131 STREET,2,DEED COR,01/31/2005
New York University,Manhattan,1373,1506,425,MAIN STREET,2,DEED,09/06/2007
New York University,Manhattan,546,5,82,WASHINGTON SQUARE E,1,,
The New School,Manhattan,577,1003,72,5TH AVENUE,1,,
The New School,Manhattan,577,1004,72,5TH AVENUE,1,,
New York University,Manhattan,540,15,,,2,DEED,05/16/1983
New York University,Manhattan,1373,1508,425,MAIN STREET,1,DEED,03/28/2012
New York University,Manhattan,896,2,,,2,,
New York University,Manhattan,896,3,,,2,,
Columbia University,Manhattan,1995,26,3193-203,BROADWAY,2,DEEDO,06/08/2004
Columbia University,Manhattan,1997,64,2291,TWELFTH AVENUE,2,DEED COR,08/07/2007
New York University,Manhattan,898,1069,305,2 AVENUE,2,,
Columbia University,Bronx,5642,1064,7,DEEP WATER WAY,2,,
New York University,Manhattan,622,71,387*1/2,BLEECKER STREET,1,,
Columbia University,Manhattan,707,54,,,2,,
Columbia University,Manhattan,707,56,,,2,,
Columbia University,Manhattan,1237,1106,250,WEST   90 STREET,1,,
Columbia University,Manhattan,1997,47,620,WEST 131 STREET,2,DEED,12/15/2004
Fordham University,Bronx,3273,272,,,2,DEED,06/09/1967
Fordham University,Bronx,3273,208,2546,BELMONT AVENUE,1,,
Fordham University,Bronx,3273,209,2540,BELMONT AVENUE,1,,
Fordham University,Bronx,3273,332,2535,HUGHES AVENUE,1,,
New York University,Manhattan,1373,1482,425,MAIN STREET,1,DEED,04/10/2008
Columbia University,Manhattan,1158,1589,200,WEST END AVENUE,2,DEED,03/12/2008
Fordham University,Bronx,3273,287,,,2,,
Columbia University,Manhattan,1885,21,,,2,,
Columbia University,Manhattan,2112,39,,,2,DEED,
Fordham University,Bronx,3273,293,561-565,EAST FORDHAM ROAD,2,DEED,09/29/2004
New York University,Manhattan,1520,15,1382,LEXINGTON AVENUE,2,,
New York University,Manhattan,931,31,433,1 AVENUE,1,,
Pratt Institute,Brooklyn,1909,1,161,EMERSON PLACE,1,DEED,06/16/1992
New York University,Manhattan,790,19,,,2,,
New York University,Manhattan,1373,1341,425,MAIN STREET,1,DEED,06/17/2008
New York University,Manhattan,538,25,,,2,DEED,
Columbia University,Brooklyn,948,13,138,ST JOHNS PLACE,2,,
New York University,Manhattan,559,14,,,1,,
New York University,Manhattan,1373,1394,425,MAIN STREET,2,DEED,05/31/2007
Columbia University,Manhattan,1881,54,544-548,WEST 110TH ST.,2,,
Columbia University,Manhattan,1885,47,526,WEST 114TH STREET,1,DEED,06/04/2010
Fordham University,Bronx,3272,2,2855,SOUTHERN BLVD,2,,
New York University,Queens,1414,18,32-26,85 STREET,1,,
St. John's University,Queens,6715,32,147-14,UNION TURNPIKE,2,DEEDO,08/10/2005
Columbia University,Manhattan,1962,70,1211,AMSTERDAM AVENUE,2,,
Columbia University,Manhattan,1962,38,435,WEST 119 STREET,2,,
Columbia University,Manhattan,1892,33,,,2,DEED,
Columbia University,Manhattan,1997,49,624,WEST 131 STREET,2,DEED COR,01/13/2000
Columbia University,Manhattan,1871,1045,245,WEST 99TH STREET,2,,
Fordham University,Manhattan,1578,17,529,EAST 81ST   STREET,2,,
Columbia University,Manhattan,1896,77,,,1,,
Columbia University,Manhattan,1884,15,,,2,DEED,
Columbia University,Manhattan,693,18,,,1,,
Columbia University,Manhattan,693,23,,,1,,
New York University,Manhattan,1375,67,795,FIFTH AVENUE,1,,
Columbia University,Manhattan,1035,25,,,1,,
The New School,Manhattan,571,14,,,1,,
Columbia University,Manhattan,1963,9,,,1,DEED,
Columbia University,Manhattan,1264,5,,,1,,
Columbia University,Manhattan,1265,1,,,1,,
New York University,Manhattan,573,13,,,2,DEED,12/07/1998
Columbia University,Manhattan,1085,36,,,1,,
New York University,Manhattan,939,54,,,2,DEED,
Pratt Institute,Brooklyn,1946,1,163,GREENE AVENUE,2,,
The New School,Manhattan,574,11,62,WEST   11 STREET,2,,
Columbia University,Manhattan,1998,57,640,WEST 132 STREET,2,DEED,07/31/2007
Columbia University,Manhattan,1998,61,2311,JOE DIMAGGIO HIGHWAY,2,DEED,07/31/2007
New York University,Manhattan,547,17,,,2,DEED,
New York University,Manhattan,547,16,,,2,DEED,
New York University,Manhattan,547,14,,,2,DEED,
New York University,Manhattan,547,12,,,2,DEED,
New York University,Queens,1129,44,80-01,31 AVENUE,2,DEED,11/23/1987
New York University,Queens,1842,1155,87-08,JUSTICE AVENUE,1,,
New York University,Manhattan,462,17,36,EAST    7 STREET,2,,
New York University,Manhattan,1373,1486,425,MAIN STREET,1,DEED,09/11/2007
New York University,Manhattan,524,666,,,2,,
New York University,Manhattan,524,116,195,MERCER STREET,2,,
Columbia University,Manhattan,1894,58,,,1,,
New York University,Brooklyn,55,1144,206,FRONT STREET,2,,
The New School,Queens,8026,41,113,GROSVENOR STREET,2,,
Pratt Institute,Brooklyn,1905,40,526,MYRTLE AVENUE,2,,
Columbia University,Manhattan,2123,36,506,WEST  166 STREET,2,DEED,04/06/1984
Columbia University,Manhattan,772,8,,,1,,
Columbia University,Manhattan,1231,1089,225,WEST   83 STREET,2,,
The New School,Manhattan,618,1137,222,WEST   14 STREET,1,,
Columbia University,Manhattan,1841,1223,455,CENTRAL PARK WEST,1,,
Columbia University,Manhattan,1841,1257,455,CENTRAL PARK WEST,1,,
Columbia University,Manhattan,1841,1265,455,CENTRAL PARK WEST,1,,
Columbia University,Manhattan,1841,1266,455,CENTRAL PARK WEST,1,,
Columbia University,Manhattan,1841,1246,455,CENTRAL PARK WEST,1,,
Columbia University,Manhattan,1841,1247,455,CENTRAL PARK WEST,1,,
Columbia University,Manhattan,1841,1254,455,CENTRAL PARK WEST,1,,
Columbia University,Manhattan,1841,1222,455,CENTRAL PARK WEST,1,,
Columbia University,Manhattan,1841,1243,455,CENTRAL PARK WEST,1,,
Columbia University,Manhattan,1841,1250,455,CENTRAL PARK WEST,1,,
Columbia University,Manhattan,1841,1261,455,CENTRAL PARK WEST,1,,
Columbia University,Manhattan,1841,1249,455,CENTRAL PARK WEST,1,,
Columbia University,Manhattan,1841,1271,455,CENTRAL PARK WEST,1,,
Columbia University,Manhattan,1841,1233,455,CENTRAL PARK WEST,1,,
Columbia University,Manhattan,1841,1238,455,CENTRAL PARK WEST,1,,
Columbia University,Manhattan,1841,1244,455,CENTRAL PARK WEST,1,,
Columbia University,Manhattan,1841,1220,455,CENTRAL PARK WEST,1,,
Columbia University,Manhattan,1841,1235,455,CENTRAL PARK WEST,1,,
Columbia University,Manhattan,1841,1251,455,CENTRAL PARK WEST,1,,
Columbia University,Manhattan,1841,1248,455,CENTRAL PARK WEST,1,,
Columbia University,Manhattan,1841,1230,455,CENTRAL PARK WEST,1,,
Columbia University,Manhattan,1841,1234,455,CENTRAL PARK WEST,1,,
Columbia University,Manhattan,1841,1224,455,CENTRAL PARK WEST,1,,
Columbia University,Manhattan,1841,1226,455,CENTRAL PARK WEST,1,,
Columbia University,Manhattan,1841,1240,455,CENTRAL PARK WEST,1,,
Columbia University,Manhattan,1841,1239,455,CENTRAL PARK WEST,1,,
Columbia University,Manhattan,1841,1270,455,CENTRAL PARK WEST,1,,
Columbia University,Manhattan,1841,1260,455,CENTRAL PARK WEST,1,,
Columbia University,Manhattan,1841,1253,455,CENTRAL PARK WEST,1,,
Columbia University,Manhattan,1841,1227,455,CENTRAL PARK WEST,1,,
Columbia University,Manhattan,1841,1236,455,CENTRAL PARK WEST,1,,
Columbia University,Manhattan,1841,1245,455,CENTRAL PARK WEST,1,,
Columbia University,Manhattan,1841,1218,455,CENTRAL PARK WEST,1,,
Columbia University,Manhattan,1841,1255,455,CENTRAL PARK WEST,1,,
Columbia University,Manhattan,1841,1228,455,CENTRAL PARK WEST,1,,
Columbia University,Manhattan,1841,1252,455,CENTRAL PARK WEST,1,,
Columbia University,Manhattan,1841,1264,455,CENTRAL PARK WEST,1,,
Columbia University,Manhattan,1841,1237,455,CENTRAL PARK WEST,1,,
Columbia University,Manhattan,1841,1259,455,CENTRAL PARK WEST,1,,
Columbia University,Manhattan,1841,1219,455,CENTRAL PARK WEST,1,,
Columbia University,Manhattan,1841,1229,455,CENTRAL PARK WEST,1,,
Columbia University,Manhattan,1841,1242,455,CENTRAL PARK WEST,1,,
Columbia University,Manhattan,1841,1263,455,CENTRAL PARK WEST,1,,
Columbia University,Manhattan,1841,1267,455,CENTRAL PARK WEST,1,,
Columbia University,Manhattan,1841,1225,455,CENTRAL PARK WEST,1,,
Columbia University,Manhattan,1841,1258,455,CENTRAL PARK WEST,1,,
Columbia University,Manhattan,1841,1231,455,CENTRAL PARK WEST,1,,
Columbia University,Manhattan,1841,1256,455,CENTRAL PARK WEST,1,,
Columbia University,Manhattan,1841,1269,455,CENTRAL PARK WEST,1,,
Columbia University,Manhattan,1841,1268,455,CENTRAL PARK WEST,1,,
Columbia University,Manhattan,1841,1262,455,CENTRAL PARK WEST,1,,
Columbia University,Manhattan,1841,1241,455,CENTRAL PARK WEST,1,,
Columbia University,Manhattan,1841,1232,455,CENTRAL PARK WEST,1,,
Columbia University,Manhattan,1997,61,2293-97,12TH AVENUE,2,DEED,06/26/2008
Fordham University,Manhattan,1114,1001,43,WEST 61ST   STREET,2,DEED,07/22/2014
Columbia University,Manhattan,1896,57,,,2,DEED,
Columbia University,Manhattan,1998,3,2305,12TH AVENUE,2,DEED,02/19/2009
New York University,Brooklyn,2420,30,168,HAVEMEYER STREET,1,,
The New School,Manhattan,577,39,,,1,,
New York University,Manhattan,52,7,,,2,,
New York University,Brooklyn,8282,46,9818,AVENUE M,2,,
New York University,Bronx,5752,281,3,RIVER AVENUE,2,,
New York University,Bronx,5752,282,,RIVER AVENUE,2,,
Columbia University,Manhattan,1998,13,635,WEST 131 STREET,2,,
New York University,Manhattan,462,18,,,2,DEED,
New York University,Manhattan,462,25,,,2,DEED,
Columbia University,Manhattan,35,13,,,2,,
Columbia University,Manhattan,1885,119,,,2,DEED,
Columbia University,Queens,259,14,,,2,,
Fordham University,Bronx,3273,297,,,2,,
Columbia University,Bronx,5642,1058,6,LANDING WAY,2,,
Columbia University,Manhattan,2124,43,3940,BROADWAY,1,,
New York University,Manhattan,1624,69,,,2,DEED,06/29/2001
New York University,Manhattan,1889,1244,845,WEST END AVENUE,1,,
Columbia University,Manhattan,1893,32,,,2,,
New York University,Brooklyn,962,59,113,GARFIELD PLACE,2,,
New York University,Brooklyn,6509,27,,,2,,
New York University,Manhattan,556,49,112,EAST 12 STREET,2,,
Columbia University,Queens,11553,45,,,2,,
New York University,Manhattan,548,45,,,2,DEED,
New York University,Queens,7428,60,56-15,199 STREET,2,DEED,11/15/1983
Fordham University,Bronx,3291,1,,,1,,
New York University,Brooklyn,1128,1147,700,PACIFIC STREET,2,,
Fordham University,Manhattan,1132,9999,,,1,,
Fordham University,Manhattan,1133,9999,,,1,,
New York University,Manhattan,911,1104,227,EAST 30TH   STREET,2,,
New York University,Manhattan,911,1103,227,EAST 30TH   STREET,2,,
New York University,Manhattan,911,1101,227,EAST 30TH   STREET,2,,
New York University,Manhattan,911,1102,227,EAST 30TH   STREET,2,,
New York University,Queens,1380,73,30-09,82 STREET,2,DEED,12/18/1987
New York University,Manhattan,559,31,,,1,,
New York University,Manhattan,559,30,,,1,,
New York University,Manhattan,559,29,,,1,,
New York University,Manhattan,559,28,,,1,,
New York University,Manhattan,559,27,,,1,,
Columbia University,Manhattan,1883,48,,,2,DEED,
Fordham University,Bronx,3273,207,,,2,DEED,05/21/1999
New York University,Manhattan,904,5,,,1,,
New York University,Manhattan,904,7,,,1,,
Columbia University,Manhattan,943,1020,330,EAST 38TH   STREET,1,,
The New School,Manhattan,639,1,151,BANK STREET,2,,
New York University,Brooklyn,1128,1120,700,PACIFIC STREET,1,,
New York University,Manhattan,879,39,308,3 AVENUE,2,,
New York University,Manhattan,879,44,318,3 AVENUE,2,,
New York University,Manhattan,879,36,316,3 AVENUE,2,,
New York University,Manhattan,879,37,304,3 AVENUE,2,,
New York University,Manhattan,879,40,316,3 AVENUE,2,,
New York University,Manhattan,879,38,306,3 AVENUE,2,,
New York University,Manhattan,879,33,155,EAST 23RD   STREET,2,,
New York University,Manhattan,879,30,149,EAST 23RD   STREET,2,,
New York University,Manhattan,879,43,316,3 AVENUE,2,,
Columbia University,Manhattan,1071,62,,,2,,
Columbia University,Manhattan,1071,64,,,2,,
Columbia University,Manhattan,1071,1,,,2,,
Fordham University,Manhattan,1655,18,,,1,,
The New School,Manhattan,819,22,,,1,,
Columbia University,Manhattan,1885,152,,,2,DEED,
New York University,Manhattan,1675,31,,,2,,
New York University,Manhattan,457,11,3,EAST    2 STREET,1,,
Columbia University,Manhattan,1896,74,,,2,DEED,
Fordham University,Bronx,3056,13,2426,LORILLARD PLACE,1,DEED,11/26/2012
Fordham University,Bronx,3056,11,2422,LORILLARD PLACE,1,DEED,11/26/2012
Columbia University,Manhattan,1072,61,,,1,,
New York University,Manhattan,939,58,,,2,,
New York University,Manhattan,939,56,,,2,,
New York University,Manhattan,939,55,,,2,,
New York University,Manhattan,939,57,,,2,,
New York University,Bronx,3222,162,,,1,DEED,07/30/1973
Columbia University,Manhattan,1896,30,,,2,DEED,
New York University,Brooklyn,946,1201,667,DEGRAW STREET,2,,
Fordham University,Bronx,3273,240,,,1,DEED,11/13/1973
St. John's University,Queens,9889,72,84-15,KENDRICK PLACE,2,DEED,09/03/1991
Columbia University,Manhattan,1092,49,,,1,,
Columbia University,Manhattan,35,20,,,2,DEED,
Columbia University,Manhattan,35,18,,,2,DEED,
Columbia University,Manhattan,35,10,,,2,DEED,
Columbia University,Manhattan,35,17,,,2,DEED,
Columbia University,Manhattan,35,24,,,2,DEED,
Columbia University,Manhattan,35,35,,,2,DEED,
Columbia University,Manhattan,35,14,,,2,DEED,
Columbia University,Manhattan,35,36,,,2,DEED,
Columbia University,Manhattan,35,23,,,2,DEED,
Columbia University,Manhattan,35,25,,,2,DEED,
Columbia University,Manhattan,35,12,,,2,DEED,
Columbia University,Manhattan,35,21,,,2,DEED,
Columbia University,Manhattan,35,28,,,2,DEED,
Columbia University,Manhattan,35,40,,,2,DEED,
Columbia University,Manhattan,35,19,,,2,DEED,
Columbia University,Manhattan,35,16,,,2,DEED,
Columbia University,Manhattan,35,39,,,2,DEED,
Columbia University,Manhattan,35,22,,,2,DEED,
Columbia University,Manhattan,35,11,,,2,DEED,
Columbia University,Manhattan,35,27,,,2,DEED,
Columbia University,Manhattan,35,37,,,2,DEED,
Columbia University,Manhattan,1889,49,,,2,,
St. John's University,Queens,6715,30,147-22,UNION TURNPIKE,2,DEEDO,08/10/2005
Columbia University,Manhattan,1942,146,228,W. 137TH ST,2,,
The New School,Manhattan,551,1,2,FIFTH AVENUE,1,,
Columbia University,Manhattan,1987,7,553,WEST 133RD STREET,2,DEED,06/22/2006
New York University,Queens,438,13,21-21,44TH   DRIVE,2,,
New York University,Manhattan,944,15,,,1,,
New York University,Manhattan,1377,1107,1,EAST   62 STREET,1,,
The New School,Manhattan,577,12,56,WEST   14 STREET,1,,
New York University,Manhattan,900,27,245,EAST 19TH STREET,2,,
New York University,Manhattan,1373,1419,425,MAIN STREET,1,,
Columbia University,Manhattan,1185,76,,,2,,
New York University,Manhattan,1839,41,12,WEST  104 STREET,2,,
Columbia University,Manhattan,1896,34,612,WEST  115 STREET,1,,
Columbia University,Manhattan,1874,164,,,2,,
Fordham University,Bronx,3273,206,2539,CAMBRELENG AVENUE,2,DEED,05/21/2009
Fordham University,Bronx,3273,355,,,2,DEED,05/05/1970
Columbia University,Manhattan,194,36,,,1,,
New York University,Manhattan,551,10,21,WASHINGTON SQUARE N,2,DEED,06/25/1984
New York University,Manhattan,551,11,,,2,DEED,03/26/2001
New York University,Manhattan,1373,1505,425,MAIN STREET,2,DEED,09/06/2007
The New School,Brooklyn,1804,44,,,1,DEED,12/13/1996
Columbia University,Manhattan,1963,16,,,1,DEED,
Columbia University,Manhattan,1084,9,,,1,,
Columbia University,Manhattan,1867,67,,,2,DEED,
Columbia University,Manhattan,1895,165,,,2,DEED,
New York University,Manhattan,1842,1055,467,CENTRAL PARK WEST,2,,
New York University,Brooklyn,945,1051,100,STERLING PLACE,2,,
New York University,Brooklyn,945,1013,100,STERLING PLACE,2,,
Columbia University,Manhattan,1895,16,,,2,DEED,
Columbia University,Manhattan,2112,40,,,2,DEED,
Columbia University,Manhattan,1996,56,,,2,,
Columbia University,Manhattan,1895,72,,,2,DEED,
Columbia University,Manhattan,1894,43,,,1,,
New York University,Manhattan,627,19,49,HORATIO STREET,1,,
New York University,Manhattan,1373,1454,425,MAIN STREET,2,DEED,06/21/2007
Columbia University,Manhattan,2112,10,,,2,DEED,
New York University,Manhattan,1859,35,,,1,DEED,
Pratt Institute,Brooklyn,1916,26,229,CLINTON AVENUE,1,,
New York University,Queens,1245,15,33-20,73 STREET,1,,
New York University,Queens,99999,1,,,1,,
Fordham University,Bronx,3273,239,,,2,DEED,04/01/1968
St. John's University,Queens,7021,137,,,2,DEED,07/15/1999
Pratt Institute,Brooklyn,1933,1000,,,1,,
Pratt Institute,Brooklyn,1933,100,333,LAFAYETTE AVENUE,1,,
Pratt Institute,Brooklyn,1933,60,309,LAFAYETTE AVENUE,1,,
Columbia University,Manhattan,1885,148,,,2,DEED,
New York University,Manhattan,570,40,11,EAST 12TH   STREET,2,,
Columbia University,Manhattan,1997,18,617,WEST 130 STREET,1,,
Columbia University,Manhattan,1997,29,3241,BROADWAY,1,,
Columbia University,Manhattan,1987,9,547,WEST 133 STREET,1,,
Columbia University,Manhattan,1997,34,3251,BROADWAY,1,,
Columbia University,Manhattan,1998,1,2301,JOE DIMAGGIO HIGHWAY,1,,
Columbia University,Manhattan,1997,9,631,WEST 130 STREET,1,,
Columbia University,Manhattan,1998,10,641,WEST 131 STREET,1,,
Columbia University,Manhattan,1998,6,653,WEST 131 STREET,1,,
Columbia University,Manhattan,1997,6,641,WEST 130 STREET,1,,
Columbia University,Manhattan,630,51,,,1,DEED,
Columbia University,Manhattan,1995,35,619,WEST 125 STREET,1,,
Columbia University,Manhattan,1891,129,,,1,,
Fordham University,Bronx,3066,21,2423,ARTHUR AVENUE,2,,
New York University,Manhattan,881,29,137,EAST 25TH ST,2,,
Columbia University,Brooklyn,6828,73,1871,EAST   22 STREET,1,,
New York University,Manhattan,1373,1372,425,MAIN STREET,1,,
New York University,Manhattan,1537,2304,1641,3 AVENUE,2,,
Columbia University,Manhattan,999,3,,,1,,
Fordham University,Bronx,3273,357,,,2,DEED,05/05/1970
New York University,Manhattan,550,23,,,2,,
New York University,Bronx,5810,405,,LIVINGSTON AVENUE,2,,
New York University,Bronx,5810,401,,,2,,
New York University,Manhattan,1377,1103,1,EAST   62 STREET,1,,
New York University,Manhattan,1530,1,1491,3 AVENUE,2,,
New York University,Bronx,3217,9,,,2,,
The New School,Manhattan,571,1506,10,EAST 14TH   STREET,1,,
The New School,Manhattan,571,1505,10,EAST 14TH   STREET,1,,
The New School,Manhattan,571,1508,10,EAST 14TH   STREET,1,,
The New School,Manhattan,571,1503,10,EAST 14TH   STREET,1,,
The New School,Manhattan,571,1507,10,EAST 14TH   STREET,1,,
The New School,Manhattan,571,1504,10,EAST 14TH   STREET,1,,
St. John's University,Brooklyn,271,34,,,1,DEED,01/18/1980
Columbia University,Manhattan,1962,1,,,2,DEED,
Columbia University,Manhattan,1885,40,,,2,DEED,
New York University,Manhattan,566,1,9,5 AVENUE,2,,
New York University,Manhattan,603,46,,,1,,
Pratt Institute,Brooklyn,1893,37,78,STEUBEN STREET,2,DEED,04/03/2006
Pratt Institute,Brooklyn,1893,38,80,STEUBEN STREET,2,DEED,04/03/2006
Pratt Institute,Brooklyn,1893,15,79,GRAND AVENUE,2,DEED,04/03/2006
Pratt Institute,Brooklyn,1893,39,82,STEUBEN STREET,2,DEED,04/03/2006
Pratt Institute,Brooklyn,1893,14,81,GRAND AVENUE,2,DEED,04/03/2006
Columbia University,Manhattan,2124,1,530,WEST 166TH ST,2,,
New York University,Bronx,2883,81,,MAJOR DEEGAN EXPRESS,2,DEED COR,07/31/1964
Columbia University,Bronx,5937,458,5215,SYCAMORE AVENUE,2,,
New York University,Manhattan,2134,1248,779,RIVERSIDE DRIVE,2,,
New York University,Queens,5486,4,156-11,OAK AVENUE,2,,
Pratt Institute,Brooklyn,1892,61,98-104,GRAND AVENUE,2,DEED,10/28/2014
Columbia University,Manhattan,574,77,69,WEST   10 STREET,1,,
New York University,Manhattan,1492,11,,,1,,
New York University,Manhattan,541,26,,,2,DEED,08/08/2001
New York University,Manhattan,1373,1366,425,MAIN STREET,1,DEED,05/22/2008
Columbia University,Manhattan,1896,32,,,2,DEED,
New York University,Manhattan,1373,1440,425,MAIN STREET,1,DEED,07/03/2008
New York University,Manhattan,1526,1078,201,EAST 80TH STREET,2,,
Pratt Institute,Brooklyn,1923,238,238,CLASSON AVE,1,,
Pratt Institute,Brooklyn,1920,285,285,RYERSON ST,1,,
Columbia University,Manhattan,1158,1587,200,WEST END AVENUE,2,DEED,03/12/2008
Columbia University,Manhattan,1523,45,168,EAST   95 STREET,2,,
Columbia University,Manhattan,1892,32,,,2,,
The New School,Manhattan,870,1074,10,UNION SQUARE EAST,2,DEED,12/21/1987
Columbia University,Queens,4946,20,,,1,,
Columbia University,Queens,4943,36,,,1,,
Columbia University,Queens,4944,30,,,1,,
Columbia University,Queens,4944,38,,,1,,
Columbia University,Queens,4946,206,,,1,,
Columbia University,Queens,4943,56,,,1,,
Columbia University,Manhattan,1895,65,,,2,DEED,
New York University,Manhattan,1461,1107,400,EAST 67TH   STREET,2,,
New York University,Manhattan,1540,1207,212,EAST 95TH   STREET,2,,
Columbia University,Manhattan,1895,45,619-623,W. 113TH ST.,2,DEED,02/19/2009
New York University,Manhattan,886,1030,111,EAST 30TH   STREET,2,,
New York University,Manhattan,886,1031,111,EAST 30TH   STREET,2,,
New York University,Manhattan,1377,1102,1,EAST   62 STREET,1,,
Columbia University,Manhattan,1962,19,,,1,,
Columbia University,Manhattan,1895,52,,,1,,
Columbia University,Manhattan,1895,62,,,1,,
New York University,Bronx,3228,60,,,2,DEED,10/04/1968
Pratt Institute,Brooklyn,1892,71,513,MYRTLE AVENUE,2,DEED,12/13/2004
New York University,Manhattan,541,29,,,2,DEED,
St. John's University,Queens,6715,37,147-04,UNION TURNPIKE,2,DEEDO,08/10/2005
Columbia University,Manhattan,1895,32,,,1,DEED,
New York University,Manhattan,525,48,,,2,DEED,
New York University,Manhattan,537,19,,,1,DEED,
The New School,Brooklyn,5182,65,481,EAST 18TH STREET,2,,
Columbia University,Manhattan,33,9999,,,1,,
New York University,Manhattan,175,1309,90,FRANKLIN STREET,1,,
Fordham University,Bronx,3273,324,,,2,DEED,12/18/1967
Columbia University,Bronx,2322,81,220,EAST 138 STREET,2,,
Columbia University,Manhattan,1976,48,,,2,DEED,
Columbia University,Manhattan,1976,39,,,2,DEED,
Columbia University,Manhattan,1976,61,,,2,DEED,
Columbia University,Manhattan,1976,16,,,2,DEED,
Columbia University,Manhattan,1976,53,,,2,DEED,
Columbia University,Manhattan,1976,10,,,2,DEED,
Columbia University,Manhattan,1976,51,,,2,DEED,
Columbia University,Manhattan,1976,29,,,2,DEED,
Columbia University,Manhattan,1976,37,,,2,DEED,
Columbia University,Manhattan,1976,55,,,2,DEED,
New York University,Manhattan,16,8067,2,SOUTH END AVENUE,2,,
New York University,Manhattan,1342,47,,,1,DEED,
New York University,Manhattan,1342,147,,,1,DEED,
Columbia University,Manhattan,628,4,,,1,,
New York University,Manhattan,1342,6,,,1,DEED,
New York University,Manhattan,793,1249,,,2,DEED,09/23/2002
New York University,Manhattan,569,25,,,2,,
Fordham University,Manhattan,1390,43,,,1,,
New York University,Bronx,5724,704,2634,ARLINGTON AVENUE,2,,
New York University,Manhattan,888,27,145,EAST   32 STREET,1,,
Columbia University,Manhattan,1976,26,,,2,DEED,
Columbia University,Manhattan,1976,36,,,2,DEED,
Columbia University,Manhattan,2112,99,,,2,DEED,
Columbia University,Manhattan,2112,59,,,2,DEED,
Columbia University,Manhattan,2112,63,,,2,DEED,
Columbia University,Manhattan,2112,74,,,2,DEED,
Columbia University,Manhattan,2112,67,,,2,DEED,
Columbia University,Manhattan,2112,77,,,2,DEED,
Columbia University,Manhattan,2112,75,,,2,DEED,
Columbia University,Manhattan,2112,95,,,2,DEED,
Columbia University,Manhattan,2112,80,,,2,DEED,
Columbia University,Manhattan,2112,70,,,2,DEED,
Columbia University,Manhattan,2112,90,,,2,DEED,
New York University,Manhattan,587,14,,,2,,
The New School,Manhattan,1142,21,129,WEST70TH STREET,2,,
Columbia University,Manhattan,1273,19,,,1,,
Columbia University,Manhattan,701,1,,,1,,
New York University,Manhattan,1727,1068,380,LENOX AVENUE,2,,
Columbia University,Manhattan,2124,32,,,2,DEED,
Columbia University,Manhattan,2124,28,,,2,DEED,
Fordham University,Bronx,3273,637,2536,HUGHES AVENUE,2,DEED,03/31/2006
New York University,Brooklyn,1006,25,382,8 STREET,1,,
New York University,Brooklyn,263,63,,,2,,
Columbia University,Manhattan,1896,65,,,2,DEED,
Fordham University,Bronx,3273,325,,,2,DEED,10/18/1967
The New School,Bronx,2923,26,4141,3 AVENUE,1,,
The New School,Bronx,2923,23,4143,3 AVENUE,1,,
The New School,Bronx,2923,17,1848,BATHGATE AVENUE,1,,
New York University,Manhattan,1537,2327,1641,3 AVENUE,2,,
New York University,Manhattan,576,46,60,FIFTH AVENUE,2,DEED,01/07/2010
New York University,Manhattan,465,107,,,2,DEED,10/31/1984
New York University,Manhattan,465,106,,,2,DEED,10/31/1984
New York University,Manhattan,465,104,,,2,DEED,10/31/1984
Columbia University,Manhattan,1885,7,,,2,DEED,
Columbia University,Manhattan,2074,56,,,2,,
New York University,Bronx,3222,100,,,1,DEED,01/10/1967
New York University,Manhattan,1377,1109,1,EAST   62 STREET,1,,
New York University,Manhattan,1377,1110,1,EAST   62 STREET,1,,
Pratt Institute,Brooklyn,1892,63,,GRAND AVENUE,2,,
New York University,Manhattan,955,5,403,EAST 23RD   STREET,2,,
New York University,Manhattan,621,77,,,1,DEED,11/27/1996
Columbia University,Queens,214,210,,,1,,
New York University,Manhattan,539,13,,,2,,
Fordham University,Bronx,3279,25,,,1,DEED,04/21/1970
Columbia University,Manhattan,1499,60,,,2,DEED,
New York University,Queens,3167,67,102-09,68 AVENUE,2,,
New York University,Manhattan,172,20,78-84,LAFAYETTE STREET,1,,
New York University,Queens,3202,58,,,2,,
Columbia University,Manhattan,1961,37,1161,AMSTERDAM AVENUE,1,DEED,12/11/1990
New York University,Manhattan,531,1075,,,2,,
Columbia University,Queens,9028,1,92-06,ATLANTIC AVENUE,2,,
New York University,Manhattan,962,18,,,1,,
Columbia University,Manhattan,1990,33,,,2,DEED,
New York University,Manhattan,2109,92,444,WEST 162 STREET,2,,
Pratt Institute,Brooklyn,2092,56,,,1,DEED,04/01/1980
Columbia University,Manhattan,874,1,,,1,,
Columbia University,Manhattan,874,4,,,1,,
Columbia University,Manhattan,1961,57,,,1,,
Columbia University,Manhattan,1961,53,,,1,,
Columbia University,Manhattan,1961,39,,,1,,
New York University,Manhattan,962,81,,,1,,
Fordham University,Bronx,3273,237,2538,HUGHES AVENUE,2,DEED,12/20/2004
New York University,Manhattan,510,45,273,MULBERRY STREET,2,,
St. John's University,Queens,6715,28,147-26,UNION TURNPIKE,2,DEEDO,08/10/2005
Columbia University,Manhattan,1305,60,566,LEXINGTON AVENUE,2,DEED,06/30/1993
New York University,Manhattan,546,37,,,2,DEED,
St. John's University,Queens,6715,26,147-30,UNION TURNPIKE,2,DEEDO,08/10/2005
Columbia University,Queens,355,16,,,2,,
Columbia University,Queens,355,22,,,2,,
New York University,Manhattan,1577,1242,523,EAST 80TH   STREET,2,,
New York University,Brooklyn,1081,54,,,2,,
Columbia University,Manhattan,1883,59,2874,BROADWAY,2,DEED,03/09/1992
Columbia University,Manhattan,1704,5,,,2,,
Columbia University,Manhattan,1704,14,,,2,,
Columbia University,Manhattan,1704,1,,,2,,
New York University,Brooklyn,2344,1034,161,NORTH 4TH   STREET,2,,
St. John's University,Queens,6715,35,147-08,UNION TURNPIKE,2,DEEDO,08/10/2005
New York University,Manhattan,940,53,,,2,,
New York University,Manhattan,940,54,,,2,,
Columbia University,Manhattan,1884,48,,,2,DEED,
New York University,Bronx,5752,290,3117,PALISADE AVENUE,2,,
Columbia University,Manhattan,1867,52,,,2,DEED,
New York University,Brooklyn,8748,220,4187,OCEAN AVENUE,2,,
Columbia University,Manhattan,1527,40,,,1,,
Columbia University,Manhattan,1527,39,,,1,,
Columbia University,Manhattan,1884,46,,,2,DEED,
St. John's University,Queens,6715,29,147-24,UNION TURNPIKE,2,DEEDO,08/10/2005
Columbia University,Manhattan,2112,6,,,2,DEED,
Columbia University,Manhattan,2112,53,,,2,DEED,
Columbia University,Manhattan,2112,1,,,2,DEED,
Columbia University,Manhattan,2112,46,,,2,DEED,
New York University,Manhattan,539,16,,,2,,
Columbia University,Manhattan,1867,69,424,WEST  116 STREET,1,,
Columbia University,Manhattan,1895,39,,,2,DEED,
New York University,Manhattan,465,39,34,STUYVESANT STREET,2,DEED,05/04/1984
New York University,Manhattan,465,60,227,EAST    9 STREET,2,DEED,05/04/1984
Columbia University,Manhattan,669,1,,,1,,
St. John's University,Queens,6715,33,147-12,UNION TURNPIKE,2,DEEDO,08/10/2005
Columbia University,Manhattan,1982,1,555,WEST 125TH STREET,2,DEED,01/31/2008
Columbia University,Manhattan,1882,42,,,2,DEED,
Columbia University,Manhattan,1996,61,663,WEST 125 STREET,1,,
Fordham University,Bronx,3273,354,,,2,DEED,02/21/1968
St. John's University,Queens,6715,31,147-20,UNION TURNPIKE,2,DEEDO,08/10/2005
Columbia University,Manhattan,1884,21,,,2,DEED,
Columbia University,Manhattan,1116,1200,20,WEST   64 STREET,2,,
Columbia University,Manhattan,2123,68,2142,AMSTERDAM AVENUE,1,,
Columbia University,Manhattan,1885,58,,,2,DEED,
Fordham University,Bronx,3273,205,2537,CAMBRELENG AVENUE,2,DEED,06/13/2007
Columbia University,Manhattan,2112,28,,,2,DEED,
New York University,Bronx,4965,25,3932,HARPER AVENUE,2,,
New York University,Manhattan,510,1101,295,LAFAYETTE STREET,2,,
New York University,Brooklyn,5237,215,718,EAST 17 STREET,2,,
Columbia University,Manhattan,1883,14,,,2,DEED,
Columbia University,Manhattan,1998,49,624,WEST 132 STREET,2,,
Fordham University,Bronx,3273,315,,,2,DEED,06/29/2001
