CorporationName,building_address,business_address,RegistrationID,BuildingID,Boro,BoroID,Block,Lot,BIN,RegistrationContactID
NEW YORK UNIVERSITY,"330 EAST 22 STREET, NEW YORK, NY, 10010","339 EAST 28TH STRRET, New York, NY 10016",139611,12578,MANHATTAN,1,927,38,1020564.0,13961103
NEW YORK UNIVERSITY,"330 EAST 22 STREET, NEW YORK, NY, 10010","1 PARK AVEUE APARTMENT 5-893, New York, NY 10016",139611,12578,MANHATTAN,1,927,38,1020564.0,13961104
NEW YORK UNIVERSITY,"334 EAST 26 STREET, NEW YORK, NY, 10010","1 PARK AVEUE APARTMENT 5-893, New York, NY 10016",140777,12777,MANHATTAN,1,931,21,1020607.0,14077704
NEW YORK UNIVERSITY,"334 EAST 26 STREET, NEW YORK, NY, 10010","339 EAST 28TH STREET, New York, NY 10016",140777,12777,MANHATTAN,1,931,21,1020607.0,14077703
NEW YORK UNIVERSITY,"564 1 AVENUE, NEW YORK, NY, 10016","1 PARK AVEUE APARTMENT 5-893, New York, NY 10016",142610,864767,MANHATTAN,1,962,7501,1085695.0,14261004
NEW YORK UNIVERSITY,"564 1 AVENUE, NEW YORK, NY, 10016","399 EAST 28TH STREET, New York, NY 10016",142610,864767,MANHATTAN,1,962,7501,1085695.0,14261003
THE NEW SCHOOL,"301 1 AVENUE, NEW YORK, NY, 10003","55 WEST 13TH STREET, New York, NY 10011",138973,556,MANHATTAN,1,93,7501,1020438.0,13897303
THE NEW SCHOOL,"301 1 AVENUE, NEW YORK, NY, 10003","55 WEST 13TH STREET, NEW YORK, NY 10011",138973,556,MANHATTAN,1,93,7501,1020438.0,13897304
TRUSTEES OF COLUMBIA UNIVERSITY,"546 WEST 113 STREET, NEW YORK, NY, 10025","400 WEST 119TH STREET, NEW YORK, NY 10027",611029,38087,MANHATTAN,1,1884,53,1057008.0,61102903
NEW YORK UNIVERSITY,"545 1 AVENUE, NEW YORK, NY, 10016","339 EAST 28TH STREET, New York, NY 10016",140425,611,MANHATTAN,1,936,37,1020760.0,14042503
NEW YORK UNIVERSITY,"545 1 AVENUE, NEW YORK, NY, 10016","1 PARK AVENUE APARTMENT 5893, New York, NY 10016",140425,611,MANHATTAN,1,936,37,1020760.0,14042504
TRUSTEES OF COLUMBIA UNIVERSITY,"542 WEST 114 STREET, NEW YORK, NY, 10025","400 WEST 119TH STREET, New York, NY 10027",130535,38189,MANHATTAN,1,1885,53,1057043.0,13053503
NEW YORK UNIVERSITY,"377 EAST 33 STREET, NEW YORK, NY, 10016","1 PARK AVEUE APARTMENT 5-893, New York, NY 10016",141360,840219,MANHATTAN,1,939,28,1086501.0,14136004
NEW YORK UNIVERSITY,"377 EAST 33 STREET, NEW YORK, NY, 10016","399 EAST 28TH STREET, New York, NY 10016",141360,840219,MANHATTAN,1,939,28,1086501.0,14136003
FORDHAM UNIVERSITY,"2546 BELMONT AVENUE, NEW YORK, NY, 10458","2546 BELMONT AVENUE, BRONX, NY 10458",218078,49535,BRONX,2,3273,208,2016243.0,21807803
FORDHAM UNIVERSITY,"2546 BELMONT AVENUE, NEW YORK, NY, 10458","441 FORDHAM ROAD, BRONX, NY 10458",218078,49535,BRONX,2,3273,208,2016243.0,21807804
NYU SCHOOL OF LAW FOUNDATION,"28 BETHUNE STREET, NEW YORK, NY, 10014","40 WASHINGTON SQ SOUTH, NY, NY 10012",611002,7022,MANHATTAN,1,640,68,1012069.0,61100203
NYU School of Law Foundation,"63 CHARLES STREET, NEW YORK, NY, 10014","40 Washington Square South, New York, NY 10003",611003,9364,MANHATTAN,1,621,67,1011269.0,61100303
NEW YORK UNIVERSITY,"80 WASHINGTON SQUARE EAST, NEW YORK, NY, 10003","10 ASTOR PLACE, NEW YORK, NY 10003",140776,805426,MANHATTAN,1,546,1,1076069.0,14077603
NEW YORK UNIVERSITY,"80 WASHINGTON SQUARE EAST, NEW YORK, NY, 10003","10 ASTOR PLACE APARTMENT 7TH FL, NEW YORK, NY 10003",140776,805426,MANHATTAN,1,546,1,1076069.0,14077604
TEACHERS COLLEGE-COLUMBIA UNIV,"512 WEST 122 STREET, NEW YORK, NY, 10027","525 W 120 ST, BOX 312, NEW YORK, NY 10027",120430,39213,MANHATTAN,1,1976,41,1059661.0,12043003
PRATT INSTITUTE,"249 RYERSON STREET, NEW YORK, NY, 11205","200 WILLOUGHBY AVENUE, Brooklyn, NY 11205",352833,365633,BROOKLYN,3,1920,2,3055113.0,35283303
PRATT INSTITUTE,"249 RYERSON STREET, NEW YORK, NY, 11205","200 WILLOUGHBY AVENUE, Brooklyn, NY 11205",352833,365633,BROOKLYN,3,1920,2,3055113.0,35283304
COLUMBIA UNIVERSITY,"154 WEST 119 STREET, NEW YORK, NY, 10026","215 215 W 95TH ST APARTMENT PHF, NEW YORK CITY, NY 10025",132091,38678,MANHATTAN,1,1903,157,1057529.0,13209104
"ST JOHNS UNIVERSITY, NEW YORK","147-26 UNION TURNPIKE, NEW YORK, NY, 11367","8000 UTOPIA PAKRWAY, JAMAICA, NY 11439",428425,830783,QUEENS,4,6715,28,4463919.0,42842503
TRUSTEES OF COLUMBIA UNIVERSITY,"545 WEST 114 STREET, NEW YORK, NY, 10027","400 WEST 119TH STREET, New York, NY 10027",138765,805854,MANHATTAN,1,1886,1,1082692.0,13876503
"ST JOHNS UNIVERSITY, NEW YORK","147-20 UNION TURNPIKE, NEW YORK, NY, 11367","8000 UTOPIA PARKWAY, JAMAICA, NY 11439",428421,830778,QUEENS,4,6715,31,4463916.0,42842103
ST. JOHNS UNIVERSITY,"147-20 UNION TURNPIKE, NEW YORK, NY, 11367","8000 UTOPIA PARKWAY, JAMAICA, NY 11439",428421,830778,QUEENS,4,6715,31,4463916.0,42842104
TRUSTEES OF COLUMBIA UNIVERSITY,"534 WEST 114 STREET, NEW YORK, NY, 10025","400 WEST 119TH STREET, NEW YORK, NY 10027",127974,38185,MANHATTAN,1,1885,50,1057040.0,12797403
PRATT INSTITUTE,"229 CLINTON AVENUE, NEW YORK, NY, 11205","200 WILLOUGHBY AVENUE, Brooklyn, NY 11205",366202,222786,BROOKLYN,3,1916,26,3055034.0,36620203
PRATT INSTITUTE,"229 CLINTON AVENUE, NEW YORK, NY, 11205","200 WILLOUGHBY AVENUE, Brooklyn, NY 11205",366202,222786,BROOKLYN,3,1916,26,3055034.0,36620204
NEW YORK UNIVERSITY,"237 THOMPSON STREET, NEW YORK, NY, 10012","70 WASHINGTON SQ S APARTMENT 1206, NEW YORK, NY 10012",142527,859476,MANHATTAN,1,541,7501,1086188.0,14252703
NEW YORK UNIVERSITY,"237 THOMPSON STREET, NEW YORK, NY, 10012","245 SULLIVAN APARTMENT LC-20, NEW YORK, NY 10012",142527,859476,MANHATTAN,1,541,7501,1086188.0,14252704
TRUSTEES OF COLUMBIA UNIVERSITY,"2890 BROADWAY, NEW YORK, NY, 10025","400 WEST 119TH STREET, NEW YORK, NY 10027",108070,7941,MANHATTAN,1,1884,61,1057014.0,10807003
TRUSTEES OF COLUMBIA UNIVERSITY,"47 CLAREMONT AVENUE, NEW YORK, NY, 10027","400 WEST 119TH STREET, NEW YORK, NY 10027",118793,9622,MANHATTAN,1,1990,33,1059824.0,11879303
TRUSTEES OF COLUMBIA UNIVERSITY,"411 WEST 116 STREET, NEW YORK, NY, 10027","400 WEST 119TH STREET, NEW YORK, NY 10027",121102,805873,MANHATTAN,1,1961,1,1083610.0,12110203
PRATT INSTITUTE,"215 WILLOUGHBY AVENUE, NEW YORK, NY, 11205","200 WILLOUGHBY AVENUE, Brooklyn, NY 11205",368566,396242,BROOKLYN,3,1905,120,3054897.0,36856603
PRATT INSTITUTE,"215 WILLOUGHBY AVENUE, NEW YORK, NY, 11205","200 WILLOUGHBY AVENUE, Brooklyn, NY 11205",368566,396242,BROOKLYN,3,1905,120,3054897.0,36856604
TRUSTEES OF COLUMBIA UNIVERSITY,"549 WEST 113 STREET, NEW YORK, NY, 10025","400 WEST 119TH STREET, NEW YORK, NY 10027",128836,38089,MANHATTAN,1,1885,7,1057021.0,12883603
TRUSTEES OF COLUMBIA UNIVERSITY,"544 WEST 110 STREET, NEW YORK, NY, 10025","400 W 119 ST, NEW YORK, NY 10027",127869,9064,MANHATTAN,1,1881,54,1056718.0,12786903
"ST JOHNS UNIVERSITY, NEW YORK","147-08 UNION TURNPIKE, NEW YORK, NY, 11367","8000 UTOPIA PARKWAY, JAMAICA, NY 11439",428416,830754,QUEENS,4,6715,35,4463912.0,42841603
TRUSTEES OF COLUMBIA UNIVERSITY,"531 WEST 113 STREET, NEW YORK, NY, 10025","400 WEST 119TH STREET, New York, NY 10027",127859,38080,MANHATTAN,1,1885,17,1057024.0,12785903
TRUSTEES OF COLUMBIA UNIVERSITY,"2874 BROADWAY, NEW YORK, NY, 10025","400 WEST 119TH STREET, New York, NY 10027",141093,7938,MANHATTAN,1,1883,59,1056988.0,14109303
TRUSTEES OF COLUMBIA UNIVERSITY,"539 WEST 112 STREET, NEW YORK, NY, 10025","400 WEST 119TH STREET, New York, NY 10027",101487,37991,MANHATTAN,1,1884,6,1056990.0,10148703
TRUSTEES OF COLUMBIA UNIVERSITY,"626 WEST 114 STREET, NEW YORK, NY, 10025","400 WEST 119TH STREET, NEW YORK, NY 10027",107696,38208,MANHATTAN,1,1895,72,1057357.0,10769603
"ST JOHNS UNIVERSITY, NEW YORK","147-06 UNION TURNPIKE, NEW YORK, NY, 11367","8000 UTOPIA PARKWAY, JAMAICA, NY 11439",428414,830751,QUEENS,4,6715,36,4463911.0,42841403
TRUSTEES OF COLUMBIA UNIVERSITY,"88 MORNINGSIDE DRIVE, NEW YORK, NY, 10027","400 WEST 119TH STREET, NEW YORK, NY 10027",102902,25574,MANHATTAN,1,1962,19,1059506.0,10290203
TRUSTEES OF COLUMBIA UNIVERSITY,"552 WEST 114 STREET, NEW YORK, NY, 10025","400 WEST 119TH STREET, NEW YORK, NY 10027",128704,38194,MANHATTAN,1,1885,57,1057047.0,12870403
NEW YORK UNIVERSITY,"67 3 AVENUE, NEW YORK, NY, 10003","10 ASTOR PLACE APARTMENT 7TH FL, NEW YORK, NY 10003",140688,2338,MANHATTAN,1,467,1,1006826.0,14068803
NEW YORK UNIVERSITY,"67 3 AVENUE, NEW YORK, NY, 10003","10 ASTOR PLACE APARTMENT 7TH FL, New York, NY 10003",140688,2338,MANHATTAN,1,467,1,1006826.0,14068804
TRUSTEE OF COLUMBIA UNIVERSITY,"1116 AMSTERDAM AVENUE, NEW YORK, NY, 10027","400 WEST 119TH STREET, NEW YORK, NY 10027",121106,803999,MANHATTAN,1,1886,1,1082160.0,12110603
TRUSTEES OF COLUMBIA UNIVERSITY,"411 WEST 115 STREET, NEW YORK, NY, 10025","400 WEST 119TH STREET, NEW YORK, NY 10027",121881,38279,MANHATTAN,1,1867,52,1056050.0,12188103
TRUSTEES OF COLUMBIA UNIVERSITY,"521 WEST 111 STREET, NEW YORK, NY, 10025","400 WEST 119TH STREET, NEW YORK, NY 10027",126083,37893,MANHATTAN,1,1883,18,1056977.0,12608303
FORDHAM UNIVERSITY,"2537 BELMONT AVENUE, NEW YORK, NY, 10458","441 E FORDHAM RD Cunniffe House APARTMENT 200, BRONX, NY 10458",710743,49532,BRONX,2,3273,234,2016248.0,71074314
TRUSTEES OF COLUMBIA UNIVERSITY`,"604 WEST 114 STREET, NEW YORK, NY, 10025","400 WEST 119TH STREET, NEW YORK, NY 10027",126990,38197,MANHATTAN,1,1895,163,1057362.0,12699003
TRUSTEES OF COLUMBIA UNIVERSITY,"554 WEST 114 STREET, NEW YORK, NY, 10025","400 WEST 119TH STREET, NEW YORK, NY 10027",110334,38195,MANHATTAN,1,1885,58,1057048.0,11033403
TRUSTEES OF COLUMBIA UNIVERSITY,"610 WEST 116 STREET, NEW YORK, NY, 10027","400 WEST 119TH STREET, NEW YORK, NY 10027",115383,38411,MANHATTAN,1,1896,77,1057382.0,11538303
NEW YORK UNIVERSITY,"33 WASHINGTON SQUARE WEST, NEW YORK, NY, 10011","10 ASTOR PLACE, NEW YORK, NY 10003",137428,29246,MANHATTAN,1,552,24,1008875.0,13742803
NEW YORK UNIVERSITY,"33 WASHINGTON SQUARE WEST, NEW YORK, NY, 10011","10 ASTOR PLACE APARTMENT 7TH FL, NEW YORK, NY 10003",137428,29246,MANHATTAN,1,552,24,1008875.0,13742804
TRUSTEES OF COLUMBIA UNIVERSITY,"415 WEST 118 STREET, NEW YORK, NY, 10027","400 WEST 119TH STREET, NEW YORK, NY 10027",102347,38603,MANHATTAN,1,1962,11,1059503.0,10234703
TRUSTEES OF COLUMBIA UNIVERSITY,"3291 BROADWAY, NEW YORK, NY, 10027","400 W 119 STREET, New York, NY 10027",119574,8009,MANHATTAN,1,1999,36,1059940.0,11957403
TRUSTEES OF COLUMBIA UNIVERSITY,"2891 BROADWAY, NEW YORK, NY, 10025","400 WEST 119TH STREET, NEW YORK, NY 10027",113547,7942,MANHATTAN,1,1895,23,1057337.0,11354703
TRUSTEES OF COLUMBIA UNIVERSITY,"548 WEST 114 STREET, NEW YORK, NY, 10025","400 WEST 119TH STREET, NEW YORK, NY 10027",128550,38192,MANHATTAN,1,1885,56,1057046.0,12855003
TRUSTEES OF COLUMBIA UNIVERSITY,"556 WEST 113 STREET, NEW YORK, NY, 10025","400 WEST 119TH STREET, NEW YORK, NY 10027",111018,38093,MANHATTAN,1,1884,156,1057017.0,11101803
TRUSTEE OF COLUMBIA UNIVERSITY,"1124 AMSTERDAM AVENUE, NEW YORK, NY, 10027","400 WEST 119TH STREET, NEW YORK, NY 10027",121104,804000,MANHATTAN,1,1886,1,1084845.0,12110403
TRUSTEES OF COLUMBIA UNIVERSITY,"536 WEST 114 STREET, NEW YORK, NY, 10025","400 WEST 119TH STREET, New York, NY 10027",132163,38186,MANHATTAN,1,1885,51,1057041.0,13216303
TRUSTEES OF COLUMBIA UNIVERSITY,"605 WEST 115 STREET, NEW YORK, NY, 10025","400 WEST 119TH STREET, NEW YORK, NY 10027",140845,806041,MANHATTAN,1,1896,57,1084327.0,14084503
TRUSTEES OF COLUMBIA UNIVERSITY,"2910 BROADWAY, NEW YORK, NY, 10025","400 WEST 119TH STREET, NEW YORK, NY 10027",107855,7949,MANHATTAN,1,1885,61,1057049.0,10785503
THE NEW SCHOOL,"68 5 AVENUE, NEW YORK, NY, 10011","55 WEST 13TH STREET, New York, NY 10011",103541,2903,MANHATTAN,1,576,41,1009618.0,10354103
TRUSTEES OF COLUMBIA UNIVERSITY,"431 RIVERSIDE DRIVE, NEW YORK, NY, 10025","400 WEST 119TH STREET, New York, NY 10027",102904,27282,MANHATTAN,1,1896,47,1057373.0,10290403
TRUSTEES OF COLUMBIA UNIVERSITY,"508 WEST 114 STREET, NEW YORK, NY, 10025","400 WEST 119TH STREET, NEW YORK, NY 10027",101086,38177,MANHATTAN,1,1885,37,1057033.0,10108603
TRUSTEES OF COLUMBIA UNIVERSITY,"552 WEST 113 STREET, NEW YORK, NY, 10025","400 WEST 119TH STREET, NEW YORK, NY 10027",111017,38091,MANHATTAN,1,1884,55,1057010.0,11101703
TRUSTEES OF COLUMBIA UNIVERSITY,"1100 AMSTERDAM AVENUE, NEW YORK, NY, 10027","400 WEST 119TH STREET, NEW YORK, NY 10027",121105,5510,MANHATTAN,1,1886,1,1083301.0,12110503
THE TRUSTEES OF COLUMBIA UNIVERSITY,"546 WEST 114 STREET, NEW YORK, NY, 10025","400 W 119 ST, NEW YORK, NY 10027",128549,38191,MANHATTAN,1,1885,55,1057045.0,12854903
PRATT INSTITUTE,"100 GRAND AVENUE, NEW YORK, NY, 11205","200 WILLOUGHBY AVENUE, Brooklyn, NY 11205",380961,302463,BROOKLYN,3,1892,61,3054560.0,38096103
PRATT INSTUTUTE FACILITIES DEPARTMENT,"100 GRAND AVENUE, NEW YORK, NY, 11205","200 WILLOUGHBY AVENUE, BROOKLYN, NY 11205",380961,302463,BROOKLYN,3,1892,61,3054560.0,38096104
TRUSTEES OF COLUMBIA UNIVERSITY,"425 WEST 121 STREET, NEW YORK, NY, 10027","400 WEST 119TH STREET, NEW YORK, NY 10027",142505,847266,MANHATTAN,1,1963,60,1087901.0,14250503
FORDHAM UNIVERSITY,"2537 CAMBRELENG AVENUE, NEW YORK, NY, 10458","2537 CAMBRELING AVE, BRONX, NY 10458",218454,54940,BRONX,2,3273,205,2016240.0,21845403
FORDHAM UNIVERSITY,"2537 CAMBRELENG AVENUE, NEW YORK, NY, 10458","441 E. FORDHAM RD, BRONX, NY 10458",218454,54940,BRONX,2,3273,205,2016240.0,21845404
TRUSTEES OF COLUMBIA UNIVERSITY,"2940 BROADWAY, NEW YORK, NY, 10027","400 WEST 119TH STREET, NEW YORK, NY 10027",121107,804141,MANHATTAN,1,1886,1,1082163.0,12110703
FORDHAM UNIVERSITY,"155 WEST 60 STREET, NEW YORK, NY, 10023","441 E. FORDHAM ROAD, Bronx, NY 10458",141089,34449,MANHATTAN,1,1132,20,1085404.0,14108903
FORDHAM UNIVERSITY,"155 WEST 60 STREET, NEW YORK, NY, 10023","441 E. FORDHAM ROAD, Bronx, NY 10458",141089,34449,MANHATTAN,1,1132,20,1085404.0,14108904
St. Johns University,"164-07 GOETHALS AVENUE, NEW YORK, NY, 11432","8000 Utopia Parkway, Jamaica, NY 11439",428264,891295,QUEENS,4,7024,31,4152191.0,42826414
NEW YORK UNIVERSITY,"435 EAST 30 STREET, NEW YORK, NY, 10016","339 EAST 28TH STREET, NEW YORK, NY 10016",142609,864764,MANHATTAN,1,962,7501,1085588.0,14260903
NEW YORK UNIVERSITY,"435 EAST 30 STREET, NEW YORK, NY, 10016","ONE PARK AVENUE APARTMENT 5-893, NEW YORK, NY 10016",142609,864764,MANHATTAN,1,962,7501,1085588.0,14260904
TRUSTEES OF COLUMBIA UNIVERSITY,"540 WEST 114 STREET, NEW YORK, NY, 10025","400 WEST 119 STREET, New York, NY 10027",611030,38188,MANHATTAN,1,1885,152,1057052.0,61103003
TRUSTEES OF COLUMBIA UNIVERSITY,"523 WEST 113 STREET, NEW YORK, NY, 10025","400 WEST 119TH STREET, NEW YORK, NY 10027",122672,38074,MANHATTAN,1,1885,20,1057027.0,12267203
TRUSTEES OF COLUMBIA UNIVERSITY,"25 CLAREMONT AVENUE, NEW YORK, NY, 10027","400 WEST 119TH STREET, NEW YORK, NY 10027",102895,9618,MANHATTAN,1,1990,13,1059820.0,10289503
NEW YORK UNIVERSITY,"35 WASHINGTON SQUARE WEST, NEW YORK, NY, 10011","10 ASTOR PLACE, NEW YORK, NY 10003",144406,29247,MANHATTAN,1,552,24,1008876.0,14440603
NEW YORK UNIVERSITY,"35 WASHINGTON SQUARE WEST, NEW YORK, NY, 10011","10 ASTOR PLACE APARTMENT 7TH FL, New York, NY 10003",144406,29247,MANHATTAN,1,552,24,1008876.0,14440604
TRUSTEES OF COLUMBIA UNIVERSITY,"460 RIVERSIDE DRIVE, NEW YORK, NY, 10027","400 WEST 119TH STREET, NEW YORK, NY 10027",102907,27294,MANHATTAN,1,1990,50,1059828.0,10290703
TRUSTEES OF COLUMBIA UNIVERSITY,"526 WEST 112 STREET, NEW YORK, NY, 10025","400 WEST 119TH STREET, NEW YORK, NY 10027",120812,37986,MANHATTAN,1,1883,50,1056985.0,12081203
TRUSTEES OF COLUMBIA UNIVERSITY,"404 WEST 116 STREET, NEW YORK, NY, 10027","400 WEST 119TH STREET, NEW YORK, NY 10027",102910,38396,MANHATTAN,1,1867,64,1056054.0,10291003
NEW YORK UNIVERSITY,"787 BROADWAY, NEW YORK, NY, 10003","10 ASTOR PLACE APARTMENT 7TH FL, NEW YORK, NY 10003",132439,8543,MANHATTAN,1,562,30,1009112.0,13243903
NEW YORK UNIVERSITY,"787 BROADWAY, NEW YORK, NY, 10003","10 ASTOR PLACE APARTMENT 7TH FL, NEW YORK, NY 10003",132439,8543,MANHATTAN,1,562,30,1009112.0,13243904
COLUMBIA UNIVERSITY,"78 HAVEN AVENUE, NEW YORK, NY, 10032","50 Haven Avenue APARTMENT Suite, New York, NY 10032",143971,22646,MANHATTAN,1,2139,219,1081868.0,14397104
COLUMBIA UNIVERSITY,"78 HAVEN AVENUE, NEW YORK, NY, 10032","630 W 168TH ST, New York, NY 10032",143971,22646,MANHATTAN,1,2139,219,1081868.0,14397103
TRUSTEES OF COLUMBIA UNIVERSITY,"1254 AMSTERDAM AVENUE, NEW YORK, NY, 10027","400 WEST 119TH STREET, NEW YORK, NY 10027",111968,5528,MANHATTAN,1,1976,36,1059658.0,11196803
TRUSTEES OF COLUMBIA UNIVERSITY,"415 WEST 115 STREET, NEW YORK, NY, 10025","400 WEST 119TH STREET, NEW YORK, NY 10027",102814,38281,MANHATTAN,1,1867,49,1056049.0,10281403
TRUSTEES OF COLUMBIA UNIVERSITY,"2820 BROADWAY, NEW YORK, NY, 10025","400 WEST 119TH STREET, New York, NY 10027",112755,7920,MANHATTAN,1,1881,1,1056691.0,11275503
NYU REAL ESATE CORP,"18 EAST 8 STREET, NEW YORK, NY, 10003","70 WASHINGTON SQ SOUTH, NEW YORK, NY 10012",107709,11226,MANHATTAN,1,550,30,1083507.0,10770903
NEW YORK UNIVERSITY,"18 EAST 8 STREET, NEW YORK, NY, 10003","2 WASHINGTON SQ VILLAGE APARTMENT 1T, New York, NY 10012",107709,11226,MANHATTAN,1,550,30,1083507.0,10770904
NEW YORK UNIVERSITY,"110 WEST 3 STREET, NEW YORK, NY, 10012","70 WASHINGTON SQUARE APARTMENT 1206, NEW YORK, NY 10012",142571,859194,MANHATTAN,1,540,14,1008701.0,14257103
NEW YORK UNIVERSITY,"110 WEST 3 STREET, NEW YORK, NY, 10012","110 WEST 3RD STREET, NEW YORK, NY 10012",142571,859194,MANHATTAN,1,540,14,1008701.0,14257104
New York University,"200 EAST 6 STREET, NEW YORK, NY, 10003","10 Astor Place APARTMENT 7th Fl, New York, NY 10003",143987,966428,MANHATTAN,1,461,6,1090311.0,14398703
New York University,"200 EAST 6 STREET, NEW YORK, NY, 10003","10 Astor Place APARTMENT 7th Fl, New York, NY 10003",143987,966428,MANHATTAN,1,461,6,1090311.0,14398704
TRUSTEES OF COLUMBIA UNIVERSITY,"1221 AMSTERDAM AVENUE, NEW YORK, NY, 10027","400 WEST 119TH STREET, NEW YORK, NY 10027",102917,5524,MANHATTAN,1,1963,1,1059515.0,10291703
TRUSTEES OF COLUMBIA UNIVERSITY,"410 RIVERSIDE DRIVE, NEW YORK, NY, 10025","400 WEST 119TH STREET, New York, NY 10027",113541,27275,MANHATTAN,1,1895,39,1057345.0,11354103
TRUSTEES OF COLUMBIA UNIVERSITY,"1240 AMSTERDAM AVENUE, NEW YORK, NY, 10027","400 WEST 119TH STREET, NEW YORK, NY 10027",102918,5526,MANHATTAN,1,1976,29,1059657.0,10291803
NEW YORK UNIVERSITY,"12 WASHINGTON PLACE, NEW YORK, NY, 10003","70 WASHINGTON SQ SOUTH, NEW YORK, NY 10012",125804,29181,MANHATTAN,1,546,15,1008812.0,12580403
NEW YORK UNIVERSITY,"12 WASHINGTON PLACE, NEW YORK, NY, 10003","2 WASHINGTON SQUARE VILLAGE APARTMENT 1T, New York, NY 10012",125804,29181,MANHATTAN,1,546,15,1008812.0,12580404
NEW YORK UNIVERSITY,"2 WASHINGTON SQUARE VILLAGE, NEW YORK, NY, 10012","70 WASHINGTON SQ SOUTH, NEW YORK, NY 10012",137758,806020,MANHATTAN,1,533,1,1077834.0,13775803
NEW YORK UNIVERSITY,"2 WASHINGTON SQUARE VILLAGE, NEW YORK, NY, 10012","2 WASHINGTON SQUARE VILLAGE APARTMENT 1T, New York, NY 10012",137758,806020,MANHATTAN,1,533,1,1077834.0,13775804
NEW YORK UNIVERSITY,"25 UNION SQUARE, NEW YORK, NY, 10003","10 ASTOR PLACE APARTMENT 7TH FL, NEW YORK, NY 10003",140590,805419,MANHATTAN,1,843,22,1087304.0,14059003
NEW YORK UNIVERSITY,"25 UNION SQUARE, NEW YORK, NY, 10003","10 ASTOR PLACE APARTMENT 7TH FL, NEW YORK, NY 10003",140590,805419,MANHATTAN,1,843,22,1087304.0,14059004
TRUSTEES OF COLUMBIA UNIVERSITY,"421 WEST 119 STREET, NEW YORK, NY, 10027","400 WEST 119TH STREET, NEW YORK, NY 10027",122928,38734,MANHATTAN,1,1962,44,1059511.0,12292803
TRUSTEES OF COLUMBIA UNIVERSITY,"454 RIVERSIDE DRIVE, NEW YORK, NY, 10027","400 WEST 119TH STREET, NEW YORK, NY 10027",123847,27292,MANHATTAN,1,1990,53,1059830.0,12384703
TRUSTEES OF COLUMBIA UNIVERSITY,"2915 BROADWAY, NEW YORK, NY, 10025","400 WEST 118TH STREET, New York, NY 10027",127747,7950,MANHATTAN,1,1895,62,1057351.0,12774703
TRUSTEES OF COLUMBIA UNIVERSITY,"524 WEST 122 STREET, NEW YORK, NY, 10027","400 WEST 119TH STREET, NEW YORK, NY 10027",118773,39218,MANHATTAN,1,1976,51,1059664.0,11877303
TRUSTEES OF COLUMBIA UNIVERSITY,"419 WEST 115 STREET, NEW YORK, NY, 10025","400 WEST 119TH STREET, NEW YORK, NY 10027",119261,38282,MANHATTAN,1,1867,46,1056048.0,11926103
NEW YORK UNIVERSITY,"110 BLEECKER STREET, NEW YORK, NY, 10012","70 WASHINGTON SQUARE, New York, NY 10012",141068,806163,MANHATTAN,1,524,66,1087825.0,14106803
NEW YORK UNIVERSITY,"110 BLEECKER STREET, NEW YORK, NY, 10012","2 WASHINGTON SQUARE VILLAGE APARTMENT 1T, New York, NY 10012",141068,806163,MANHATTAN,1,524,66,1087825.0,14106804
TRUSTEES OF COLUMBIA UNIVERSITY,"521 WEST 112 STREET, NEW YORK, NY, 10025","400 WEST 119TH STREET, NEW YORK, NY 10027",100129,37983,MANHATTAN,1,1884,18,1056994.0,10012903
TRUSTEES OF COLUMBIA UNIVERSITY,"530 WEST 122 STREET, NEW YORK, NY, 10027","400 WEST 119TH STREET, NEW YORK, NY 10027",118775,39220,MANHATTAN,1,1976,55,1059666.0,11877503
TRUSTEES OF COLUMBIA UNIVERSITY,"110 MORNINGSIDE DRIVE, NEW YORK, NY, 10027","400 WEST 119TH STREET, NEW YORK, NY 10027",100946,25567,MANHATTAN,1,1963,48,1059523.0,10094603
TRUSTEES OF COLUMBIA UNIVERSITY,"100 MORNINGSIDE DRIVE, NEW YORK, NY, 10027","400 WEST 119TH STREET, NEW YORK, NY 10027",110734,25565,MANHATTAN,1,1963,16,1059518.0,11073403
TRUSTEES OF COLUMBIA UNIVERSITY,"430 WEST 116 STREET, NEW YORK, NY, 10027","400 WEST 119TH STREET, NEW YORK, NY 10027",102911,38400,MANHATTAN,1,1867,70,1056057.0,10291103
NEW YORK UNIVERSITY,"110 EAST 14 STREET, NEW YORK, NY, 10003","10 ASTOR PLACE APARTMENT 6TH, NEW YORK, NY 10003",142252,837406,MANHATTAN,1,559,12,1009072.0,14225203
NEW YORK UNIVERSITY,"110 EAST 14 STREET, NEW YORK, NY, 10003","10 ASTOR PLACE APARTMENT 7TH FL, NEW YORK, NY 10003",142252,837406,MANHATTAN,1,559,12,1009072.0,14225204
TRUSTEES OF COLUMBIA UNIVERSITY,"464 RIVERSIDE DRIVE, NEW YORK, NY, 10027","400 WEST 119TH STREET, NEW YORK, NY 10027",102908,27295,MANHATTAN,1,1990,44,1059827.0,10290803
TRUSTEES OF COLUMBIA UNIVERSITY,"424 WEST 119 STREET, NEW YORK, NY, 10027","400 WEST 119TH STREET, NEW YORK, NY 10027",122935,38735,MANHATTAN,1,1962,31,1059508.0,12293503
TRUSTEES OF COLUMBIA UNIVERSITY,"448 RIVERSIDE DRIVE, NEW YORK, NY, 10027","400 WEST 119TH STREET, NEW YORK, NY 10027",126662,27288,MANHATTAN,1,1990,64,1059833.0,12666203
TRUSTEES OF COLUMBIA UNIVERSITY,"530 WEST 114 STREET, NEW YORK, NY, 10025","400 WEST 119TH STREET, NEW YORK COUNTY, NY 10027",113634,38183,MANHATTAN,1,1885,148,1057051.0,11363403
TRUSTEES OF COLUMBIA UNIVERSITY,"195 CLAREMONT AVENUE, NEW YORK, NY, 10027","400 WEST 119TH STREET, New York, NY 10027",103101,9615,MANHATTAN,1,1994,72,1059875.0,10310103
TRUSTEES OF COLUMBIA UNIVERSITY,"452 RIVERSIDE DRIVE, NEW YORK, NY, 10027","400 WEST 119TH STREET, NEW YORK, NY 10027",123848,27291,MANHATTAN,1,1990,54,1059831.0,12384803
NEW YORK UNIVERSITY,"37 WASHINGTON SQUARE WEST, NEW YORK, NY, 10011","70 WASHINGTON SQ SOUTH, NEW YORK, NY 10012",107715,29248,MANHATTAN,1,552,26,1008877.0,10771503
NEW YORK UNIVERSITY,"37 WASHINGTON SQUARE WEST, NEW YORK, NY, 10011","2 WASHINGTON SQ VILLAGE APARTMENT 1T, New York, NY 10012",107715,29248,MANHATTAN,1,552,26,1008877.0,10771504
TRUSTEES OF COLUMBIA UNIVERSITY,"456 RIVERSIDE DRIVE, NEW YORK, NY, 10027","400 WEST 119TH STREET, NEW YORK, NY 10027",123846,27293,MANHATTAN,1,1990,52,1059829.0,12384603
NEW YORK UNIVERSITY,"21 EAST 15 STREET, NEW YORK, NY, 10003","10 ASTOR PLACE APARTMENT 7TH FL, NEW YORK, NY 10003",140569,12128,MANHATTAN,1,843,22,1078700.0,14056903
NEW YORK UNIVERSITY,"21 EAST 15 STREET, NEW YORK, NY, 10003","10 ASTOR PLACE APARTMENT 7TH FL, NEW YORK, NY 10003",140569,12128,MANHATTAN,1,843,22,1078700.0,14056904
TRUSTEES OF COLUMBIA UNIVERSITY,"524 WEST 114 STREET, NEW YORK, NY, 10025","400 WEST 119TH STREET, NEW YORK, NY 10027",102893,38180,MANHATTAN,1,1885,46,1057036.0,10289303
NEW YORK UNIVERSITY,"3 WASHINGTON SQUARE VILLAGE, NEW YORK, NY, 10012","70 WASHINGTON SQUARE, New York, NY 10012",138043,806017,MANHATTAN,1,533,1,1077835.0,13804303
NEW YORK UNIVERSITY,"3 WASHINGTON SQUARE VILLAGE, NEW YORK, NY, 10012","2 WASHINGTON SQUARE VILLAGE APARTMENT 1T, New York, NY 10012",138043,806017,MANHATTAN,1,533,1,1077835.0,13804304
TRUSTEES OF COLUMBIA UNIVERSITY,"526 WEST 113 STREET, NEW YORK, NY, 10025","400 WEST 119TH STREET, NEW YORK, NY 10027",109180,38076,MANHATTAN,1,1884,43,1057003.0,10918003
NEW YORK UNIVERSITY,"120 EAST 12 STREET, NEW YORK, NY, 10003","10 ASTOR PLACE APARTMENT 7TH FL, New York, NY 10003",143597,945881,MANHATTAN,1,556,48,1087924.0,14359703
NEW YORK UNIVERSITY,"120 EAST 12 STREET, NEW YORK, NY, 10003","10 ASTOR PLACE APARTMENT 7TH FL, New York, NY 10003",143597,945881,MANHATTAN,1,556,48,1087924.0,14359704
TRUSTEES OF COLUMBIA UNIVERSITY,"445 RIVERSIDE DRIVE, NEW YORK, NY, 10027","400 WEST 119TH STREET, NEW YORK, NY 10027",102905,27287,MANHATTAN,1,1990,67,1059834.0,10290503
TRUSTEES OF COLUMBIA UNIVERSITY,"362 RIVERSIDE DRIVE, NEW YORK, NY, 10025","400 WEST 119TH STREET, NEW YORK, NY 10027",104519,27264,MANHATTAN,1,1893,3,1057299.0,10451903
TRUSTEES OF COLUMBIA UNIVERSITY,"531 WEST 112 STREET, NEW YORK, NY, 10025","400 WEST 119TH STREET, NEW YORK, NY 10027",105031,37988,MANHATTAN,1,1884,11,1056992.0,10503103
NEW YORK UNIVERSITY,"20 EAST 16 STREET, NEW YORK, NY, 10003","10 ASTOR PLACE APARTMENT 7TH FL, NEW YORK, NY 10003",140558,804376,MANHATTAN,1,843,22,1087303.0,14055803
NEW YORK UNIVERSITY,"20 EAST 16 STREET, NEW YORK, NY, 10003","10 ASTOR PLACE APARTMENT 7TH FL, NEW YORK, NY 10003",140558,804376,MANHATTAN,1,843,22,1087303.0,14055804
TRUSTEES OF COLUMBIA UNIVERSITY,"535 WEST 111 STREET, NEW YORK, NY, 10025","400 WEST 119TH STREET, NEW YORK, NY 10027",110875,37899,MANHATTAN,1,1883,11,1056975.0,11087503
TRUSTEES OF COLUMBIA UNIVERSITY,"506 WEST 122 STREET, NEW YORK, NY, 10027","400 WEST 119TH STREET, NEW YORK, NY 10027",102337,39211,MANHATTAN,1,1976,39,1059660.0,10233703
NYU REAL ESTATE CORP,"16 EAST 8 STREET, NEW YORK, NY, 10003","70 WASHINGTON SQ SOUTH, NEW YORK, NY 10012",107712,11225,MANHATTAN,1,550,29,1077902.0,10771203
NEW YORK UNIVERSITY,"16 EAST 8 STREET, NEW YORK, NY, 10003","2 WASHINGTON SQ VILLAGE APARTMENT 1T, New York, NY 10012",107712,11225,MANHATTAN,1,550,29,1077902.0,10771204
TRUSTEES OF COLUMBIA UNIVERSITY,"533 WEST 113 STREET, NEW YORK, NY, 10025","400 WEST 119TH STREET, NEW YORK, NY 10027",107746,38081,MANHATTAN,1,1885,15,1057023.0,10774603
NYU REAL ESTATE CORP,"22 EAST 8 STREET, NEW YORK, NY, 10003","70 WASHINGTON SQ SOUTH, NEW YORK, NY 10012",107708,11227,MANHATTAN,1,550,32,1077877.0,10770803
NEW YORK UNIVERSITY,"22 EAST 8 STREET, NEW YORK, NY, 10003","2 WASHINGTON SQ VILLAGE APARTMENT 1T, New York, NY 10012",107708,11227,MANHATTAN,1,550,32,1077877.0,10770804
TRUSTEES OF COLUMBIA UNIVERSITY,"536 WEST 113 STREET, NEW YORK, NY, 10025","400 WEST 119TH STREET, NEW YORK, NY 10027",112206,38082,MANHATTAN,1,1884,48,1057005.0,11220603
TRUSTEES OF COLUMBIA UNIVERSITY,"527 WEST 121 STREET, NEW YORK, NY, 10027","400 WEST 119TH STREET, NEW YORK, NY 10027",118771,39065,MANHATTAN,1,1976,10,1059651.0,11877103
NEW YORK UNIVERSITY,"101 JOHNSON STREET, NEW YORK, NY, 11201","10 ASTOR PLACE APARTMENT 7TH FL, New York, NY 10003",387201,977759,BROOKLYN,3,131,25,3000244.0,38720103
TRUSTEES OF COLUMBIA UNIVERSITY,"502 WEST 113 STREET, NEW YORK, NY, 10025","400 WEST 119TH STREET, NEW YORK, NY 10027",128723,38067,MANHATTAN,1,1884,39,1057000.0,12872303
TRUSTEES OF COLUMBIA UNIVERSITY,"530 WEST 113 STREET, NEW YORK, NY, 10025","400 WEST 119TH STREET, NEW YORK, NY 10027",128789,38079,MANHATTAN,1,1884,46,1057004.0,12878903
TRUSTEES OF COLUMBIA UNIVERSITY,"1129 AMSTERDAM AVENUE, NEW YORK, NY, 10025","400 WEST 119TH STREET, NEW YORK, NY 10027",102912,5513,MANHATTAN,1,1867,74,1056058.0,10291203
NEW YORK UNIVERSITY,"130 MAC DOUGAL STREET, NEW YORK, NY, 10012","70 WASHINGTON SQ SOUTH, NEW YORK, NY 10012",142000,24483,MANHATTAN,1,540,14,1087045.0,14200003
NEW YORK UNIVERSITY,"130 MAC DOUGAL STREET, NEW YORK, NY, 10012","110 WEST 3RD STREET, New York, NY 10003",142000,24483,MANHATTAN,1,540,14,1087045.0,14200004
NEW YORK UNIVERSITY,"31 3 AVENUE, NEW YORK, NY, 10003","10 ASTOR PLACE APARTMENT 7TH FL, NEW YORK, NY 10003",140423,2182,MANHATTAN,1,465,1,1006764.0,14042303
NEW YORK UNIVERSITY,"31 3 AVENUE, NEW YORK, NY, 10003","10 ASTOR PLACE APARTMENT 7TH FL, NEW YORK, NY 10003",140423,2182,MANHATTAN,1,465,1,1006764.0,14042304
TRUSTEES OF COLUMBIA UNIVERSITY,"535 WEST 112 STREET, NEW YORK, NY, 10025","400 WEST 119TH STREET, NEW YORK, NY 10027",119260,37990,MANHATTAN,1,1884,10,1056991.0,11926003
TRUSTEES OF COLUMBIA UNIVERSITY,"21 CLAREMONT AVENUE, NEW YORK, NY, 10027","400 WEST 119TH STREET, NEW YORK, NY 10027",102894,9617,MANHATTAN,1,1990,10,1059819.0,10289403
TRUSTEES OF COLUMBIA UNIVERSITY,"417 WEST 118 STREET, NEW YORK, NY, 10027","400 WEST 119TH STREET, NEW YORK, NY 10027",105492,38604,MANHATTAN,1,1962,9,1059502.0,10549203
COLUMBIA UNIVERSITY,"390 FT WASHINGTON AVENUE, NEW YORK, NY, 10033","50 Haven Avenue APARTMENT Suite, New York, NY 10032",142335,21810,MANHATTAN,1,2176,5,1064256.0,14233504
COLUMBIA UNIVERSITY,"390 FT WASHINGTON AVENUE, NEW YORK, NY, 10033","630 W 168TH ST, New York, NY 10032",142335,21810,MANHATTAN,1,2176,5,1064256.0,14233503
THE TRUSTEES OF COLUMBIA UNIVERSITY,"405 WEST 118 STREET, NEW YORK, NY, 10027","400 W 119 ST, NEW YORK, NY 10027",102914,38602,MANHATTAN,1,1962,13,1059504.0,10291403
TRUSTEES OF COLUMBIA UNIVERSITY,"1201 AMSTERDAM AVENUE, NEW YORK, NY, 10027","400 WEST 119TH STREET, NEW YORK, NY 10027",118529,5520,MANHATTAN,1,1962,38,1059510.0,11852903
NEW YORK UNIVERSITY,"21 WASHINGTON SQUARE NORTH, NEW YORK, NY, 10011","70 WASHINGTON SQUARE SOUTH, NY, NY 10003",103704,29228,MANHATTAN,1,551,10,1077885.0,10370403
NEW YORK UNIVESITY,"21 WASHINGTON SQUARE NORTH, NEW YORK, NY, 10011","2 WASHINGTON SQ VILLAGE APARTMENT 1T, New York, NY 10012",103704,29228,MANHATTAN,1,551,10,1077885.0,10370404
NEW YORK UNIVERSITY,"35 5 AVENUE, NEW YORK, NY, 10003","10 ASTOR PLACE APARTMENT 7TH FL, NEW YORK, NY 10003",118901,2783,MANHATTAN,1,568,1,1009250.0,11890103
NEW YORK UNIVERSITY,"35 5 AVENUE, NEW YORK, NY, 10003","10 ASTOR PLACE APARTMENT 7TH FL, NEW YORK, NY 10003",118901,2783,MANHATTAN,1,568,1,1009250.0,11890104
NEW YORK UNIVERSITY,"27 WASHINGTON SQUARE NORTH, NEW YORK, NY, 10011","70 WASHINGTON SQUARE NORTH, New York, NY 10003",116188,29234,MANHATTAN,1,551,16,1008855.0,11618803
NEW YORK UNIVERSITY,"27 WASHINGTON SQUARE NORTH, NEW YORK, NY, 10011","2 WASHINGTON SQ VILLAGE APARTMENT 1T, New York, NY 10012",116188,29234,MANHATTAN,1,551,16,1008855.0,11618804
TRUSTEES OF COLUMBIA UNIVERSITY,"1211 AMSTERDAM AVENUE, NEW YORK, NY, 10027","400 WEST 119TH STREET, NEW YORK, NY 10027",118022,5522,MANHATTAN,1,1962,70,1059514.0,11802203
TRUSTEES OF COLUMBIA UNIVERSITY,"435 RIVERSIDE DRIVE, NEW YORK, NY, 10025","400 WEST 118TH STREET, New York, NY 10027",123892,27284,MANHATTAN,1,1896,87,1057386.0,12389203
TRUSTEES OF COLUMBIA UNIVERSITY,"3074 BROADWAY, NEW YORK, NY, 10027","400 WEST 119TH STREET, NEW YORK, NY 10027",118776,7963,MANHATTAN,1,1976,61,1059668.0,11877603
THE TRUSTEES OF COLUMBIA UNIVERSITY,"39 CLAREMONT AVENUE, NEW YORK, NY, 10027","400 WEST 119 STREET, NEW YORK, NY 10027",102898,9621,MANHATTAN,1,1990,29,1059823.0,10289803
NYU REAL ESTATE CORP,"9 WASHINGTON PLACE, NEW YORK, NY, 10003","70 WASHINGTON SQUARE, NEW YORK, NY 10003",112770,29191,MANHATTAN,1,547,20,1008828.0,11277003
NEW YORK UNIVERSITY,"9 WASHINGTON PLACE, NEW YORK, NY, 10003","2 WASHINGTON SQ VILLAGE APARTMENT 1T, New York, NY 10012",112770,29191,MANHATTAN,1,547,20,1008828.0,11277004
NEW YORK UNIVERSITY,"120 WEST 15 STREET, NEW YORK, NY, 10011","70 WASHINGTON SQUARE SOUTH, New York, NY 10012",143039,891228,MANHATTAN,1,790,7502,1080572.0,14303903
NEW YORK UNIVERSITY,"120 WEST 15 STREET, NEW YORK, NY, 10011","2 WASHINGTON SQ VILLAGE APARTMENT 1T, New York, NY 10012",143039,891228,MANHATTAN,1,790,7502,1080572.0,14303904
TRUSTEES OF COLUMBIA UNIVERSITY,"146 CLAREMONT AVENUE, NEW YORK, NY, 10027","400 WEST 119TH STREET, NEW YORK, NY 10027",102899,9597,MANHATTAN,1,1993,53,1059847.0,10289903
TRUSTEES OF COLUMBIA UNIVERSITY,"420 WEST 116 STREET, NEW YORK, NY, 10027","400 WEST 119TH STREET, NEW YORK, NY 10027",102824,38398,MANHATTAN,1,1867,67,1056055.0,10282403
TRUSTEES OF COLUMBIA UNIVERSITY,"2941 BROADWAY, NEW YORK, NY, 10025","400 WEST 119TH STREET, NEW YORK, NY 10027",102240,7954,MANHATTAN,1,1896,65,1057379.0,10224003
TRUSTEES OF COLUMBIA UNIVERSITY,"90 MORNINGSIDE DRIVE, NEW YORK, NY, 10027","400 WEST 119TH STREET, NEW YORK, NY 10027",102903,25575,MANHATTAN,1,1962,56,1059512.0,10290303
TRUSTEES OF COLUMBIA UNIVERSITY,"419 WEST 118 STREET, NEW YORK, NY, 10027","400 WEST 119TH STREET, NEW YORK, NY 10027",105491,38605,MANHATTAN,1,1962,7,1059501.0,10549103
NEW YORK UNIVERSITY,"38 EAST 7 STREET, NEW YORK, NY, 10003","10 ASTOR PLACE APARTMENT 7TH FL, NEW YORK, NY 10003",142251,11175,MANHATTAN,1,462,18,1006649.0,14225103
NEW YORK UNIVERSITY,"38 EAST 7 STREET, NEW YORK, NY, 10003","10 ASTOR PLACE APARTMENT 7TH FL, NEW YORK, NY 10003",142251,11175,MANHATTAN,1,462,18,1006649.0,14225104
TRUSTEES OF COLUMBIA UNIVERSITY,"519 WEST 121 STREET, NEW YORK, NY, 10027","400 WEST 119TH STREET, NEW YORK, NY 10027",118770,39063,MANHATTAN,1,1976,16,1059653.0,11877003
NEW YORK UNIVERSITY,"36 EAST 8 STREET, NEW YORK, NY, 10003","2 WASHINGTON SQ VILLAGE APARTMENT 1T, New York, NY 10012",107705,11262,MANHATTAN,1,548,12,1008834.0,10770504
TRUSTEES OF COLUMBIA UNIVERSITY,"124 LA SALLE STREET, NEW YORK, NY, 10027","400 WEST 119 STREET, NEW YORK, NY 10027",111253,23404,MANHATTAN,1,1993,39,1059843.0,11125303
NYU REAL ESTATE CORP,"7 WASHINGTON SQUARE NORTH, NEW YORK, NY, 10003","70 WASHINGTON SQ SOUTH, NEW YORK, NY 10012",107707,805427,MANHATTAN,1,550,13,1078085.0,10770703
NEW YORK UNIVERSITY,"7 WASHINGTON SQUARE NORTH, NEW YORK, NY, 10003","2 WASHINGTON SQ VILLAGE APARTMENT 1T, New York, NY 10003",107707,805427,MANHATTAN,1,550,13,1078085.0,10770704
TRUSTEES OF COLUMBIA UNIVERSITY,"35 CLAREMONT AVENUE, NEW YORK, NY, 10027","400 WEST 119TH STREET, NEW YORK, NY 10027",102897,9620,MANHATTAN,1,1990,25,1059822.0,10289703
NEW YORK UNIVERSITY,"5 UNIVERSITY PLACE, NEW YORK, NY, 10003","10 ASTOR PLACE APARTMENT 7TH FL, NEW YORK, NY 10003",138728,28810,MANHATTAN,1,548,4,1080105.0,13872803
NEW YORK UNIVERSITY,"5 UNIVERSITY PLACE, NEW YORK, NY, 10003","10 ASTOR PLACE APARTMENT 7TH FL, NEW YORK, NY 10003",138728,28810,MANHATTAN,1,548,4,1080105.0,13872804
NEW YORK UNIVERSITY,"29 WASHINGTON SQUARE WEST, NEW YORK, NY, 10011","70 WASHINGTON SQ SOUTH, NEW YORK, NY 10003",107716,29243,MANHATTAN,1,552,60,1008892.0,10771603
TRUSTEES OF COLUMBIA UNIVERSITY CIT,"421 WEST 118 STREET, NEW YORK, NY, 10027","400 W 119 ST, NEW YORK, NY 10027",130567,38606,MANHATTAN,1,1962,5,1059500.0,13056703
NEW YORK UNIVERSITY,"1 WASHINGTON SQUARE VILLAGE, NEW YORK, NY, 10012","70 WASHINGTON SQUARE SOUTH, New York, NY 10012",144285,29242,MANHATTAN,1,533,1,1077833.0,14428503
TRUSTEES OF COLUMBIA UNIVERSITY,"80 MORNINGSIDE DRIVE, NEW YORK, NY, 10027","400 WEST 119TH STREET, NEW YORK, NY 10027",102913,25573,MANHATTAN,1,1962,18,1059505.0,10291303
TRUSTEES OF COLUMBIA UNIVERSITY,"629 WEST 115 STREET, NEW YORK, NY, 10025","400 WEST 119TH STREET, NEW YORK, NY 10027",113453,38293,MANHATTAN,1,1896,53,1057376.0,11345303
TRUSTEES OF COLUMBIA UNIVERSITY,"415 RIVERSIDE DRIVE, NEW YORK, NY, 10025","400 WEST 119TH STREET, New York, NY 10027",131171,27277,MANHATTAN,1,1895,78,1057359.0,13117103
NEW YORK UNIVERSITY,"246 MERCER STREET, NEW YORK, NY, 10012","70 WASHINGTON SQ SO APARTMENT 1206, NEW YORK, NY 10012",141999,25442,MANHATTAN,1,532,8,1066869.0,14199903
NEW YORK UNIVERSITY,"246 MERCER STREET, NEW YORK, NY, 10012","110 WEST 3RD STREET, NEW YORK, NY 10012",141999,25442,MANHATTAN,1,532,8,1066869.0,14199904
NEW YORK UNIVERSITY,"310 3 AVENUE, NEW YORK, NY, 10010","10 ASTOR PLACE APARTMENT 7TH FL, NEW YORK, NY 10003",143260,917682,MANHATTAN,1,879,7502,1087902.0,14326003
NEW YORK UNIVERSITY,"310 3 AVENUE, NEW YORK, NY, 10010","10 ASTOR PLACE APARTMENT 7TH FL, NEW YORK, NY 100030000",143260,917682,MANHATTAN,1,879,7502,1087902.0,14326004
NEW YORK UNIVERSITY,"140 EAST 14 STREET, NEW YORK, NY, 10003","10 ASTOR PLACE APARTMENT 7TH FL, NEW YORK, NY 10003",141977,829405,MANHATTAN,1,559,22,1085790.0,14197703
NEW YORK UNIVERSITY,"140 EAST 14 STREET, NEW YORK, NY, 10003","10 ASTOR PLACE APARTMENT 7TH FL, New York, NY 10003",141977,829405,MANHATTAN,1,559,22,1085790.0,14197704
TRUSTEES OF COLUMBIA UNIVERSITY,"528 RIVERSIDE DRIVE, NEW YORK, NY, 10027","400 WEST 119TH STREET, NEW YORK, NY 10027",105959,27301,MANHATTAN,1,1994,45,1059869.0,10595903
TRUSTEES OF COLUMBIA UNIVERSITY,"450 RIVERSIDE DRIVE, NEW YORK, NY, 10027","400 WEST 119TH STREET, NEW YORK, NY 10027",102906,27290,MANHATTAN,1,1990,61,1059832.0,10290603
TRUSTEES OF COLUMBIA UNIVERSITY,"181 CLAREMONT AVENUE, NEW YORK, NY, 10027","400 WEST 119TH STREET, New York, NY 10027",102718,9605,MANHATTAN,1,1994,60,1059871.0,10271803
TRUSTEES OF COLUMBIA UNIVERSITY,"15 CLAREMONT AVENUE, NEW YORK, NY, 10027","400 WEST 119TH STREET, NEW YORK, NY 10027",102891,9598,MANHATTAN,1,1990,5,1059818.0,10289103
NEW YORK UNIVERSITY,"12 EAST 8 STREET, NEW YORK, NY, 10003","70 WASHINGTON SQ SOUTH, NEW YORK, NY 10012",107710,11224,MANHATTAN,1,550,27,1077900.0,10771003
NEW YORK UNIVERSITY,"12 EAST 8 STREET, NEW YORK, NY, 10003","2 WASHINGTON SQ VILLAGE APARTMENT 1T, New York, NY 10012",107710,11224,MANHATTAN,1,550,27,1077900.0,10771004
TRUSTEES OF COLUMBIA UNIVERSITY,"1181 AMSTERDAM AVENUE, NEW YORK, NY, 10027","400 WEST 119TH STREET, NEW YORK, NY 10027",115538,5517,MANHATTAN,1,1962,1,1059499.0,11553803
NEW YORK UNIVERSITY,"4 WASHINGTON SQUARE VILLAGE, NEW YORK, NY, 10012","70 WASHINGTON SQUARE SOUTH, New York, NY 10012",144286,844924,MANHATTAN,1,533,1,1077836.0,14428603
NEW YORK UNIVERSITY,"4 WASHINGTON SQUARE VILLAGE, NEW YORK, NY, 10012","2 WASHINGTON SQUARE VILLAGE APARTMENT 1T, New York, NY 10012",144286,844924,MANHATTAN,1,533,1,1077836.0,14428604
TRUSTEES OF COLUMBIA UNIVERSITY,"523 WEST 112 STREET, NEW YORK, NY, 10025","400 WEST 119TH STREET, NEW YORK, NY 10027",111862,37985,MANHATTAN,1,1884,15,1056993.0,11186203
TRUSTEES OF COLUMBIA UNIVERSITY,"403 WEST 115 STREET, NEW YORK, NY, 10025","400 WEST 119TH STREET, NEW YORK, NY 10027",102909,38275,MANHATTAN,1,1867,54,1056051.0,10290903
NEW YORK UNIVERSITY,"6 EAST 8 STREET, NEW YORK, NY, 10003","70 WSHINGTON SQ SOUTH, NEW YORK, NY 10012",107711,11284,MANHATTAN,1,550,24,1008848.0,10771103
NEW YORK UNIVERSITY,"6 EAST 8 STREET, NEW YORK, NY, 10003","2 WASHINGTON SQ VILLAGE APARTMENT 1T, New York, NY 10012",107711,11284,MANHATTAN,1,550,24,1008848.0,10771104
TRUSTEES OF COLUMBIA UNIVERSITY,"520 WEST 122 STREET, NEW YORK, NY, 10027","400 WEST 119TH STREET, NEW YORK, NY 10027",118772,39216,MANHATTAN,1,1976,48,1059663.0,11877203
TRUSTEES OF COLUMBIA UNIVERSITY,"522 WEST 112 STREET, NEW YORK, NY, 10025","400 WEST 119TH STREET, NEW YORK, NY 10027",104249,37984,MANHATTAN,1,1883,48,1056984.0,10424903
TRUSTEES OF COLUMBIA UNIVERSITY,"414 WEST 120 STREET, NEW YORK, NY, 10027","400 WEST 119TH STREET, NEW YORK, NY 10027",122936,38899,MANHATTAN,1,1962,61,1059513.0,12293603
NEW YORK UNIVERSITY,"181 MERCER STREET, NEW YORK, NY, 10012","10 ASTOR PLACE APARTMENT 7TH FL, New York, NY 10003",145116,1009221,MANHATTAN,1,524,66,1090263.0,14511603
NEW YORK UNIVERSITY,"181 MERCER STREET, NEW YORK, NY, 10012","10 ASTOR PLACE APARTMENT 7TH FL, New York, NY 10003",145116,1009221,MANHATTAN,1,524,66,1090263.0,14511604
TRUSTEES OF COLUMBIA UNIVERSITY,"530 RIVERSIDE DRIVE, NEW YORK, NY, 10027","400 WEST 119TH STREET, NEW YORK, NY 10027",107116,27302,MANHATTAN,1,1994,93,1059879.0,10711603
TRUSTEES OF COLUMBIA UNIVERSITY,"975 COLUMBUS AVENUE, NEW YORK, NY, 10025","400 WEST 119TH STREET, NEW YORK, NY 10027",119493,9859,MANHATTAN,1,1843,61,1055704.0,11949303
TRUSTEES OF COLUMBIA UNIVERSITY,"414 WEST 119 STREET, NEW YORK, NY, 10027","400 WEST 119TH STREET, NEW YORK, NY 10027",122934,38732,MANHATTAN,1,1962,26,1059507.0,12293403
TRUSTEES OF COLUMBIA UNIVERSITY,"511 WEST 113 STREET, NEW YORK, NY, 10025","400 WEST 119TH STREET, NEW YORK, NY 10027",123841,38071,MANHATTAN,1,1885,24,1057029.0,12384103
TRUSTEES OF COLUMBIA UNIVERSITY,"548 WEST 113 STREET, NEW YORK, NY, 10025","400 WEST 119TH STREET, NEW YORK, NY 10027",127477,38088,MANHATTAN,1,1884,54,1057009.0,12747703
TRUSTEES OF COLUMBIA UNIVERSITY,"502 WEST 122 STREET, NEW YORK, NY, 10027","400 WEST 119TH STREET, NEW YORK, NY 10027",102919,39208,MANHATTAN,1,1976,37,1059659.0,10291903
TRUSTEES OF COLUMBIA UNIVERSITY,"617 WEST 115 STREET, NEW YORK, NY, 10025","400 WEST 119TH STREET, NEW YORK, NY 10027",128559,38290,MANHATTAN,1,1896,56,1057378.0,12855903
TRUSTEES OF COLUMBIA UNIVERSITY,"540 WEST 112 STREET, NEW YORK, NY, 10025","400 WEST 119TH STREET, NEW YORK, NY 10027",100976,37992,MANHATTAN,1,1883,57,1056987.0,10097603
COLUMBIA UNIVERSITY,"617 WEST 168 STREET, NEW YORK, NY, 10032","60 Haven Avenue APARTMENT 104, New York, NY 10032",106175,43107,MANHATTAN,1,2138,95,1063382.0,10617504
TRUSTEES OF COLUMBIA UNIVERSITY,"525 WEST 113 STREET, NEW YORK, NY, 10025","400 WEST 119TH STREET, NEW YORK, NY 10027",114371,38075,MANHATTAN,1,1885,119,1057050.0,11437103
TRUSTEES OF COLUMBIA UNIVERSITY,"529 WEST 111 STREET, NEW YORK, NY, 10025","400 WEST 118TH STREET, New York, NY 10027",112657,37896,MANHATTAN,1,1883,14,1056976.0,11265703
TRUSTEES OF COLUMBIA UNIVERSITY,"540 WEST 113 STREET, NEW YORK, NY, 10025","400 WEST 119TH STREET, New York, NY 10027",123187,38083,MANHATTAN,1,1884,51,1057006.0,12318703
TRUSTEES OF COLUMBIA UNIVERSITY,"608 WEST 115 STREET, NEW YORK, NY, 10025","400 WEST 119TH STREET, NEW YORK, NY 10027",133599,38286,MANHATTAN,1,1896,32,1057370.0,13359903
TRUSTEES OF COLUMBIA UNIVERSITY,"530 WEST 112 STREET, NEW YORK, NY, 10025","400 WEST 119TH STREET, NEW YORK, NY 10027",120813,37987,MANHATTAN,1,1883,52,1056986.0,12081303
NEW YORK UNIVERSITY,"334 EAST 25 STREET, NEW YORK, NY, 10010","1 PARK AVENUE APARTMENT 5-893, New York, NY 10016",131110,12725,MANHATTAN,1,930,38,1020602.0,13111004
TRUSTEES OF COLUMBIA UNIVERSITY,"518 WEST 111 STREET, NEW YORK, NY, 10025","400 WEST 119TH STREET, NEW YORK, NY 10027",106750,37891,MANHATTAN,1,1882,42,1056911.0,10675003
NEW YORK UNIVERSITY,"330 EAST 25 STREET, NEW YORK, NY, 10010","339 EAST 28TH STREET, New York, NY 10016",135463,12724,MANHATTAN,1,930,41,1081673.0,13546303
NEW YORK UNIVERSITY,"330 EAST 25 STREET, NEW YORK, NY, 10010","1 PARK AVENUE APARTMENT 5-893, New York, NY 10016",135463,12724,MANHATTAN,1,930,41,1081673.0,13546304
TRUSTEES OF COLUMBIA UNIVERSITY,"528 WEST 114 STREET, NEW YORK, NY, 10025","400 WEST 119TH STREET, NEW YORK, NY 10027",113633,38182,MANHATTAN,1,1885,48,1057038.0,11363303
TRUSTEES OF COLUMBIA UNIVERSITY,"544 WEST 113 STREET, NEW YORK, NY, 10025","400 WEST 119TH STREET, NEW YORK, NY 10027",123820,38086,MANHATTAN,1,1884,52,1057007.0,12382003
TRUSTEES OF COLUMBIA UNIVERSITY,"253 WEST 109 STREET, NEW YORK, NY, 10025","400 WEST 119TH STREET, New York, NY 10027",112754,37812,MANHATTAN,1,1881,6,1056694.0,11275403
TRUSTEES OF COLUMBIA UNIVERSITY,"541 WEST 113 STREET, NEW YORK, NY, 10025","400 WEST 119TH STREET, NEW YORK, NY 10027",113540,38084,MANHATTAN,1,1885,11,1057022.0,11354003
TRUSTEES OF COLUMBIA UNIVERSITY,"608 WEST 114 STREET, NEW YORK, NY, 10025","400 WEST 119TH STREET, NEW YORK, NY 10027",118527,38200,MANHATTAN,1,1895,164,1057363.0,11852703
TRUSTEES OF COLUMBIA UNIVERSITY,"544 WEST 114 STREET, NEW YORK, NY, 10025","400 WEST 119TH STREET, New York, NY 10027",128876,38190,MANHATTAN,1,1885,54,1057044.0,12887603
TRUSTEES OF COLUMBIA UNIVERSITY,"542 WEST 113 STREET, NEW YORK, NY, 10025","400 WEST 119TH STREET, NEW YORK, NY 10027",123188,38085,MANHATTAN,1,1884,151,1057015.0,12318803
TRUSTEES OF COLUMBIA UNIVERSITY,"616 WEST 114 STREET, NEW YORK, NY, 10025","400 WEST 119 STREET, NY, NY 10027",137935,38205,MANHATTAN,1,1895,67,1057355.0,13793503
TRUSTEES OF COLUMBIA UNIVERSITY,"605 WEST 113 STREET, NEW YORK, NY, 10025","400 WEST 119TH STREET, NEW YORK, NY 10027",124206,805850,MANHATTAN,1,1895,52,1057349.0,12420603
TRUSTEES OF COLUMBIA UNIVERSITY,"549 RIVERSIDE DRIVE, NEW YORK, NY, 10027","400 WEST 119TH STREET, NEW YORK, NY 10027",103100,27306,MANHATTAN,1,1994,81,1059876.0,10310003
TRUSTEES OF COLUMBIA UNIVERSITY,"558 WEST 113 STREET, NEW YORK, NY, 10025","400 WEST 119TH STREET, NEW YORK, NY 10027",125817,38094,MANHATTAN,1,1884,57,1057012.0,12581703
COLUMBIA UNIVERSITY,"100 HAVEN AVENUE, NEW YORK, NY, 10032","60 Haven Avenue APARTMENT 104, New York, NY 10032",143997,22629,MANHATTAN,1,2139,250,1088757.0,14399704
COLUMBIA UNIVERSITY,"100 HAVEN AVENUE, NEW YORK, NY, 10032","630 W 168TH ST, New York, NY 10032",143997,22629,MANHATTAN,1,2139,250,1088757.0,14399703
TRUSTEES OF COLUMBIA UNIVERSITY,"612 WEST 114 STREET, NEW YORK, NY, 10025","400 WEST 119TH STREET, New York, NY 10027",124696,38203,MANHATTAN,1,1895,165,1057364.0,12469603
COLUMBIA UNIVERSITY,"52 HAVEN AVENUE, NEW YORK, NY, 10032","650 W 168TH ST, New York, NY 10032",121103,22643,MANHATTAN,1,2139,210,1063423.0,12110303
COLUMBIA UNIVERSITY,"52 HAVEN AVENUE, NEW YORK, NY, 10032","50 Haven Avenue APARTMENT 104, New York, NY 10032",121103,22643,MANHATTAN,1,2139,210,1063423.0,12110304
TRUSTEES OF COLUMBIA UNIVERSITY,"520 WEST 114 STREET, NEW YORK, NY, 10025","400 WEST 119TH STREET, NEW YORK, NY 10027",127043,38179,MANHATTAN,1,1885,43,1057035.0,12704303
TRUSTEES OF COLUMBIA UNIVERSITY,"507 WEST 113 STREET, NEW YORK, NY, 10025","400 WEST 119TH STREET, NEW YORK, NY 10027",123840,38069,MANHATTAN,1,1885,27,1057030.0,12384003
COLUMBIA UNIVERSITY,"102 HAVEN AVENUE, NEW YORK, NY, 10032","650 W 168TH ST APARTMENT B07, New York, NY 10032",143998,22651,MANHATTAN,1,2139,250,1081869.0,14399803
COLUMBIA UNIVERSITY,"102 HAVEN AVENUE, NEW YORK, NY, 10032","50 HAVEN AVE APARTMENT 104, New York, NY 10032",143998,22651,MANHATTAN,1,2139,250,1081869.0,14399804
TRUSTEES OF COLUMBIA UNIVERSITY,"526 WEST 122 STREET, NEW YORK, NY, 10027","400 WEST 119TH STREET, NEW YORK, NY 10027",118774,39219,MANHATTAN,1,1976,53,1059665.0,11877403
TRUSTEES OF COLUMBIA UNIVERSITY,"503 WEST 121 STREET, NEW YORK, NY, 10027","400 WEST 119TH STREET, New York, NY 10027",124452,39060,MANHATTAN,1,1976,26,1059656.0,12445203
TRUSTEES OF COLUMBIA UNIVERSITY,"538 WEST 114 STREET, NEW YORK, NY, 10025","400 WEST 119TH STREET, New York, NY 10027",134202,38187,MANHATTAN,1,1885,52,1057042.0,13420203
TRUSTEES OF COLUMBIA UNIVERSITY,"547 RIVERSIDE DRIVE, NEW YORK, NY, 10027","400 WEST 119TH STREET, NEW YORK, NY 10027",128095,27304,MANHATTAN,1,1994,88,1059878.0,12809503
TRUSTEES OF COLUMBIA UNIVERSITY,"511 WEST 112 STREET, NEW YORK, NY, 10025","400 WEST 119TH STREET, NEW YORK, NY 10027",101062,37980,MANHATTAN,1,1884,21,1056995.0,10106203
TRUSTEES OF COLUMBIA UNIVERSITY,"610 WEST 114 STREET, NEW YORK, NY, 10025","400 WEST 119TH STREET, NEW YORK, NY 10027",128478,38201,MANHATTAN,1,1895,65,1057353.0,12847803
TRUSTEES OF COLUMBIA UNIVERSITY,"601 WEST 112 STREET, NEW YORK, NY, 10025","400 WEST 119TH STREET, NEW YORK, NY 10027",110315,7940,MANHATTAN,1,1895,16,1057336.0,11031503
TRUSTEES OF COLUMBIA UNIVERSITY,"614 WEST 114 STREET, NEW YORK, NY, 10025","400 WEST 119TH STREET, NEW YORK, NY 10027",118328,38204,MANHATTAN,1,1895,66,1057354.0,11832803
COLUMBIA UNIVERSITY,"154 HAVEN AVENUE, NEW YORK, NY, 10032","650 W 168TH ST, New York, NY 10032",139956,22637,MANHATTAN,1,2139,275,1063430.0,13995603
COLUMBIA UNIVERSITY,"154 HAVEN AVENUE, NEW YORK, NY, 10032","50 Haven Avenue, New York, NY 10032",139956,22637,MANHATTAN,1,2139,275,1063430.0,13995604
TRUSTEES OF COLUMBIA UNIVERSITY,"627 WEST 115 STREET, NEW YORK, NY, 10025","400 WEST 119TH STREET, NEW YORK, NY 10027",134054,38292,MANHATTAN,1,1896,55,1057377.0,13405403
TRUSTEES OF COLUMBIA UNIVERSITY,"610 WEST 113 STREET, NEW YORK, NY, 10025","400 WEST 119TH STREET, NEW YORK, NY 10027",104971,38100,MANHATTAN,1,1895,28,1057340.0,10497103
TRUSTEES OF COLUMBIA UNIVERSITY,"512 WEST 112 STREET, NEW YORK, NY, 10025","400 WEST 119TH STREET, NEW YORK, NY 10027",103141,37981,MANHATTAN,1,1883,42,1056981.0,10314103
TRUSTEES OF COLUMBIA UNIVERSITY,"29 CLAREMONT AVENUE, NEW YORK, NY, 10027","400 WEST 119TH STREET, NEW YORK, NY 10027",102896,9619,MANHATTAN,1,1990,22,1059821.0,10289603
TRUSTEES OF COLUMBIA UNIVERSITY,"608 WEST 113 STREET, NEW YORK, NY, 10025","400 WEST 119TH STREET, NEW YORK, NY 10027",128043,38099,MANHATTAN,1,1895,27,1057339.0,12804303
TRUSTEES OF COLUMBIA UNIVERSITY,"614 WEST 113 STREET, NEW YORK, NY, 10025","400 WEST 119TH STREET, NEW YORK, NY 10027",108924,38102,MANHATTAN,1,1895,129,1057361.0,10892403
TRUSTEES OF COLUMBIA UNIVERSITY,"548 RIVERSIDE DRIVE, NEW YORK, NY, 10027","400 WEST 119TH STREET, NEW YORK, NY 10027",115612,27305,MANHATTAN,1,1994,84,1059877.0,11561203
TRUSTEES OF COLUMBIA UNIVERSITY,"554 WEST 113 STREET, NEW YORK, NY, 10025","400 WEST 119TH STREET, NEW YORK, NY 10027",123821,38092,MANHATTAN,1,1884,56,1057011.0,12382103
TRUSTEES OF COLUMBIA UNIVERSITY,"130 MORNINGSIDE DRIVE, NEW YORK, NY, 10027","400 WEST 119TH STREET, NEW YORK, NY 10027",102813,25570,MANHATTAN,1,1963,56,1059525.0,10281303
TRUSTEES OF COLUMBIA UNIVERSITY,"601 WEST 113 STREET, NEW YORK, NY, 10025","400 WEST 119TH STREET, NEW YORK, NY 10027",121592,7946,MANHATTAN,1,1895,55,1057350.0,12159203
TRUSTEES OF COLUMBIA UNIVERSITY,"514 WEST 114 STREET, NEW YORK, NY, 10025","400 WEST 119TH STREET, New York, NY 10027",130108,38178,MANHATTAN,1,1885,40,1057034.0,13010803
TRUSTEES OF COLUMBIA UNIVERSITY,"602 WEST 116 STREET, NEW YORK, NY, 10027","400 WEST 119TH STREET, NEW YORK, NY 10027",118528,38410,MANHATTAN,1,1896,74,1057381.0,11852803
TRUSTEES OF COLUMBIA UNIVERSITY,"606 WEST 114 STREET, NEW YORK, NY, 10025","400 WEST 119TH STREET, NEW YORK, NY 10027",118778,38199,MANHATTAN,1,1895,64,1057352.0,11877803
TRUSTEES OF COLUMBIA UNIVERSITY,"509 WEST 112 STREET, NEW YORK, NY, 10025","400 WEST 119TH STREET, NEW YORK, NY 10027",104036,37979,MANHATTAN,1,1884,24,1056996.0,10403603
TRUSTEES OF COLUMBIA UNIVERSITY,"402 WEST 115 STREET, NEW YORK, NY, 10025","400 WEST 119TH STREET, NEW YORK, NY 10027",118760,38274,MANHATTAN,1,1867,23,1056040.0,11876003
TRUSTEES OF COLUMBIA UNIVERSITY,"506 WEST 113 STREET, NEW YORK, NY, 10025","400 WEST 119TH STREET, New York, NY 10027",128724,38068,MANHATTAN,1,1884,40,1057001.0,12872403
