"RegistrationContactID","RegistrationID","Type","ContactDescription","CorporationName","Title","FirstName","MiddleInitial","LastName","BusinessHouseNumber","BusinessStreetName","BusinessApartment","BusinessCity","BusinessState","BusinessZip"
"14136004","141360","Agent","CORP","NEW YORK UNIVERSITY",,"SCOTT",,"LUBLIN","1","PARK AVEUE","5-893","New York","NY","10016"
"10595903","105959","CorporateOwner","CORP","TRUSTEES OF COLUMBIA UNIVERSITY",,,,,"400","WEST 119TH STREET",,"NEW YORK","NY","10027"
"14084503","140845","CorporateOwner","CORP","TRUSTEES OF COLUMBIA UNIVERSITY",,,,,"400","WEST 119TH STREET",,"NEW YORK","NY","10027"
"10291103","102911","CorporateOwner","CORP","TRUSTEES OF COLUMBIA UNIVERSITY",,,,,"400","WEST 119TH STREET",,"NEW YORK","NY","10027"
"12420603","124206","CorporateOwner","CORP","TRUSTEES OF COLUMBIA UNIVERSITY",,,,,"400","WEST 119TH STREET",,"NEW YORK","NY","10027"
"13775803","137758","CorporateOwner","CORP","NEW YORK UNIVERSITY",,,,,"70","WASHINGTON SQ SOUTH",,"NEW YORK","NY","10012"
"13775804","137758","Agent","CORP","NEW YORK UNIVERSITY",,"ANGEL",,"PERLAZA","2","WASHINGTON SQUARE VILLAGE","1T","New York","NY","10012"
"10289703","102897","CorporateOwner","CORP","TRUSTEES OF COLUMBIA UNIVERSITY",,,,,"400","WEST 119TH STREET",,"NEW YORK","NY","10027"
"12110703","121107","CorporateOwner","CORP","TRUSTEES OF COLUMBIA UNIVERSITY",,,,,"400","WEST 119TH STREET",,"NEW YORK","NY","10027"
"11087503","110875","CorporateOwner","CORP","TRUSTEES OF COLUMBIA UNIVERSITY",,,,,"400","WEST 119TH STREET",,"NEW YORK","NY","10027"
"11437103","114371","CorporateOwner","CORP","TRUSTEES OF COLUMBIA UNIVERSITY",,,,,"400","WEST 119TH STREET",,"NEW YORK","NY","10027"
"11101803","111018","CorporateOwner","CORP","TRUSTEES OF COLUMBIA UNIVERSITY",,,,,"400","WEST 119TH STREET",,"NEW YORK","NY","10027"
"11618803","116188","CorporateOwner","CORP","NEW YORK UNIVERSITY",,,,,"70","WASHINGTON SQUARE NORTH",,"New York","NY","10003"
"11618804","116188","Agent","CORP","NEW YORK UNIVERSITY",,"ANGEL",,"PERLAZA","2","WASHINGTON SQ VILLAGE","1T","New York","NY","10012"
"10289903","102899","CorporateOwner","CORP","TRUSTEES OF COLUMBIA UNIVERSITY",,,,,"400","WEST 119TH STREET",,"NEW YORK","NY","10027"
"10310103","103101","CorporateOwner","CORP","TRUSTEES OF COLUMBIA UNIVERSITY",,,,,"400","WEST 119TH STREET",,"New York","NY","10027"
"10424903","104249","CorporateOwner","CORP","TRUSTEES OF COLUMBIA UNIVERSITY",,,,,"400","WEST 119TH STREET",,"NEW YORK","NY","10027"
"12870403","128704","CorporateOwner","CORP","TRUSTEES OF COLUMBIA UNIVERSITY",,,,,"400","WEST 119TH STREET",,"NEW YORK","NY","10027"
"13897303","138973","CorporateOwner","Ground Lease","THE NEW SCHOOL",,,,,"55","WEST 13TH STREET",,"New York","NY","10011"
"13897304","138973","Agent","Ground Lease","THE NEW SCHOOL",,"LARRY",,"WOODS","55","WEST 13TH STREET",,"NEW YORK","NY","10011"
"13961103","139611","CorporateOwner","CORP","NEW YORK UNIVERSITY",,,,,"339","EAST 28TH STRRET",,"New York","NY","10016"
"12110403","121104","CorporateOwner","CORP","TRUSTEE OF COLUMBIA UNIVERSITY",,,,,"400","WEST 119TH STREET",,"NEW YORK","NY","10027"
"14261004","142610","Agent","CORP","NEW YORK UNIVERSITY",,"SCOTT",,"LUBLIN","1","PARK AVEUE","5-893","New York","NY","10016"
"61102903","611029","CorporateOwner","CORP","TRUSTEES OF COLUMBIA UNIVERSITY",,,,,"400","WEST 119TH STREET",,"NEW YORK","NY","10027"
"14077704","140777","Agent","CORP","NEW YORK UNIVERSITY",,"SCOTT",,"LUBLIN","1","PARK AVEUE","5-893","New York","NY","10016"
"14136003","141360","CorporateOwner","CORP","NEW YORK UNIVERSITY",,,,,"399","EAST 28TH STREET",,"New York","NY","10016"
"14059003","140590","CorporateOwner","CORP","NEW YORK UNIVERSITY",,,,,"10","ASTOR PLACE","7TH FL","NEW YORK","NY","10003"
"14059004","140590","Agent","CORP","NEW YORK UNIVERSITY",,"THOMAS",,"CHING","10","ASTOR PLACE","7TH FL","NEW YORK","NY","10003"
"14042503","140425","CorporateOwner","CORP","NEW YORK UNIVERSITY",,,,,"339","EAST 28TH STREET",,"New York","NY","10016"
"14042504","140425","Agent","CORP","NEW YORK UNIVERSITY",,"SCOTT",,"LUBLIN","1","PARK AVENUE","5893","New York","NY","10016"
"11275503","112755","CorporateOwner","CORP","TRUSTEES OF COLUMBIA UNIVERSITY",,,,,"400","WEST 119TH STREET",,"New York","NY","10027"
"13053503","130535","CorporateOwner","CORP","TRUSTEES OF COLUMBIA UNIVERSITY",,,,,"400","WEST 119TH STREET",,"New York","NY","10027"
"14261003","142610","CorporateOwner","CORP","NEW YORK UNIVERSITY",,,,,"399","EAST 28TH STREET",,"New York","NY","10016"
"10770803","107708","CorporateOwner","CORP","NYU REAL ESTATE CORP",,,,,"70","WASHINGTON SQ SOUTH",,"NEW YORK","NY","10012"
"10770804","107708","Agent","CORP","NEW YORK UNIVERSITY",,"ANGEL",,"PERLAZA","2","WASHINGTON SQ VILLAGE","1T","New York","NY","10012"
"13961104","139611","Agent","CORP","NEW YORK UNIVERSITY",,"SCOTT",,"LUBLIN","1","PARK AVEUE","5-893","New York","NY","10016"
"14398703","143987","CorporateOwner","CORP","New York University",,,,,"10","Astor Place","7th Fl","New York","NY","10003"
"14398704","143987","Agent","CORP","New York University",,"Thomas",,"Ching","10","Astor Place","7th Fl","New York","NY","10003"
"10290503","102905","CorporateOwner","CORP","TRUSTEES OF COLUMBIA UNIVERSITY",,,,,"400","WEST 119TH STREET",,"NEW YORK","NY","10027"
"11345303","113453","CorporateOwner","CORP","TRUSTEES OF COLUMBIA UNIVERSITY",,,,,"400","WEST 119TH STREET",,"NEW YORK","NY","10027"
"21807803","218078","CorporateOwner","CORP","FORDHAM UNIVERSITY",,,,,"2546","BELMONT AVENUE",,"BRONX","NY","10458"
"21807804","218078","Agent","CORP","FORDHAM UNIVERSITY",,"JOHN",,"PUGLISI","441","FORDHAM ROAD",,"BRONX","NY","10458"
"11877203","118772","CorporateOwner","CORP","TRUSTEES OF COLUMBIA UNIVERSITY",,,,,"400","WEST 119TH STREET",,"NEW YORK","NY","10027"
"10290403","102904","CorporateOwner","CORP","TRUSTEES OF COLUMBIA UNIVERSITY",,,,,"400","WEST 119TH STREET",,"New York","NY","10027"
"12382003","123820","CorporateOwner","CORP","TRUSTEES OF COLUMBIA UNIVERSITY",,,,,"400","WEST 119TH STREET",,"NEW YORK","NY","10027"
"14511603","145116","CorporateOwner","CORP","NEW YORK UNIVERSITY",,,,,"10","ASTOR PLACE","7TH FL","New York","NY","10003"
"14511604","145116","Agent","CORP","NEW YORK UNIVERSITY",,"THOMAS",,"CHING","10","ASTOR PLACE","7TH FL","New York","NY","10003"
"11354703","113547","CorporateOwner","CORP","TRUSTEES OF COLUMBIA UNIVERSITY",,,,,"400","WEST 119TH STREET",,"NEW YORK","NY","10027"
"10271803","102718","CorporateOwner","CORP","TRUSTEES OF COLUMBIA UNIVERSITY",,,,,"400","WEST 119TH STREET",,"New York","NY","10027"
"11275403","112754","CorporateOwner","CORP","TRUSTEES OF COLUMBIA UNIVERSITY",,,,,"400","WEST 119TH STREET",,"New York","NY","10027"
"14326003","143260","CorporateOwner","CORP","NEW YORK UNIVERSITY",,,,,"10","ASTOR PLACE","7TH FL","NEW YORK","NY","10003"
"14326004","143260","Agent","CORP","NEW YORK UNIVERSITY",,"THOMAS",,"CHING","10","ASTOR PLACE","7TH FL","NEW YORK","NY","100030000"
"11877103","118771","CorporateOwner","CORP","TRUSTEES OF COLUMBIA UNIVERSITY",,,,,"400","WEST 119TH STREET",,"NEW YORK","NY","10027"
"10290203","102902","CorporateOwner","CORP","TRUSTEES OF COLUMBIA UNIVERSITY",,,,,"400","WEST 119TH STREET",,"NEW YORK","NY","10027"
"10785503","107855","CorporateOwner","CORP","TRUSTEES OF COLUMBIA UNIVERSITY",,,,,"400","WEST 119TH STREET",,"NEW YORK","NY","10027"
"12293503","122935","CorporateOwner","CORP","TRUSTEES OF COLUMBIA UNIVERSITY",,,,,"400","WEST 119TH STREET",,"NEW YORK","NY","10027"
"61100203","611002","CorporateOwner","CORP","NYU SCHOOL OF LAW FOUNDATION",,,,,"40","WASHINGTON SQ SOUTH",,"NY","NY","10012"
"11852803","118528","CorporateOwner","CORP","TRUSTEES OF COLUMBIA UNIVERSITY",,,,,"400","WEST 119TH STREET",,"NEW YORK","NY","10027"
"11877403","118774","CorporateOwner","CORP","TRUSTEES OF COLUMBIA UNIVERSITY",,,,,"400","WEST 119TH STREET",,"NEW YORK","NY","10027"
"14077603","140776","CorporateOwner","CORP","NEW YORK UNIVERSITY",,,,,"10","ASTOR PLACE",,"NEW YORK","NY","10003"
"14077604","140776","Agent","CORP","NEW YORK UNIVERSITY",,"THOMAS",,"CHING","10","ASTOR PLACE","7TH FL","NEW YORK","NY","10003"
"12110203","121102","CorporateOwner","CORP","TRUSTEES OF COLUMBIA UNIVERSITY",,,,,"400","WEST 119TH STREET",,"NEW YORK","NY","10027"
"10291303","102913","CorporateOwner","CORP","TRUSTEES OF COLUMBIA UNIVERSITY",,,,,"400","WEST 119TH STREET",,"NEW YORK","NY","10027"
"11277003","112770","CorporateOwner","CORP","NYU REAL ESTATE CORP",,,,,"70","WASHINGTON SQUARE",,"NEW YORK","NY","10003"
"11277004","112770","Agent","CORP","NEW YORK UNIVERSITY",,"ANGEL",,"PERLAZA","2","WASHINGTON SQ VILLAGE","1T","New York","NY","10012"
"11363403","113634","CorporateOwner","CORP","TRUSTEES OF COLUMBIA UNIVERSITY",,,,,"400","WEST 119TH STREET",,"NEW YORK COUNTY","NY","10027"
"12384803","123848","CorporateOwner","CORP","TRUSTEES OF COLUMBIA UNIVERSITY",,,,,"400","WEST 119TH STREET",,"NEW YORK","NY","10027"
"12043003","120430","CorporateOwner","COLLEGE/UNIV","TEACHERS COLLEGE-COLUMBIA UNIV",,,,,"525","W 120 ST, BOX 312",,"NEW YORK","NY","10027"
"10549203","105492","CorporateOwner","CORP","TRUSTEES OF COLUMBIA UNIVERSITY",,,,,"400","WEST 119TH STREET",,"NEW YORK","NY","10027"
"10770703","107707","CorporateOwner","CORP","NYU REAL ESTATE CORP",,,,,"70","WASHINGTON SQ SOUTH",,"NEW YORK","NY","10012"
"10770704","107707","Agent","CORP","NEW YORK UNIVERSITY",,"ANGEL",,"PERLAZA","2","WASHINGTON SQ VILLAGE","1T","New York","NY","10003"
"11876003","118760","CorporateOwner","CORP","TRUSTEES OF COLUMBIA UNIVERSITY",,,,,"400","WEST 119TH STREET",,"NEW YORK","NY","10027"
"12872303","128723","CorporateOwner","CORP","TRUSTEES OF COLUMBIA UNIVERSITY",,,,,"400","WEST 119TH STREET",,"NEW YORK","NY","10027"
"11073403","110734","CorporateOwner","CORP","TRUSTEES OF COLUMBIA UNIVERSITY",,,,,"400","WEST 119TH STREET",,"NEW YORK","NY","10027"
"10290603","102906","CorporateOwner","CORP","TRUSTEES OF COLUMBIA UNIVERSITY",,,,,"400","WEST 119TH STREET",,"NEW YORK","NY","10027"
"12188103","121881","CorporateOwner","CORP","TRUSTEES OF COLUMBIA UNIVERSITY",,,,,"400","WEST 119TH STREET",,"NEW YORK","NY","10027"
"12608303","126083","CorporateOwner","CORP","TRUSTEES OF COLUMBIA UNIVERSITY",,,,,"400","WEST 119TH STREET",,"NEW YORK","NY","10027"
"11832803","118328","CorporateOwner","CORP","TRUSTEES OF COLUMBIA UNIVERSITY",,,,,"400","WEST 119TH STREET",,"NEW YORK","NY","10027"
"11553803","115538","CorporateOwner","CORP","TRUSTEES OF COLUMBIA UNIVERSITY",,,,,"400","WEST 119TH STREET",,"NEW YORK","NY","10027"
"10771203","107712","CorporateOwner","CORP","NYU REAL ESTATE CORP",,,,,"70","WASHINGTON SQ SOUTH",,"NEW YORK","NY","10012"
"10771204","107712","Agent","CORP","NEW YORK UNIVERSITY",,"ANGEL",,"PERLAZA","2","WASHINGTON SQ VILLAGE","1T","New York","NY","10012"
"12666203","126662","CorporateOwner","CORP","TRUSTEES OF COLUMBIA UNIVERSITY",,,,,"400","WEST 119TH STREET",,"NEW YORK","NY","10027"
"35283303","352833","CorporateOwner","CORP","PRATT INSTITUTE",,,,,"200","WILLOUGHBY AVENUE",,"Brooklyn","NY","11205"
"35283304","352833","Agent","CORP","PRATT INSTITUTE",,"CHRISTOPHER",,"GAVLICK","200","WILLOUGHBY AVENUE",,"Brooklyn","NY","11205"
"10769603","107696","CorporateOwner","CORP","TRUSTEES OF COLUMBIA UNIVERSITY",,,,,"400","WEST 119TH STREET",,"NEW YORK","NY","10027"
"13010803","130108","CorporateOwner","CORP","TRUSTEES OF COLUMBIA UNIVERSITY",,,,,"400","WEST 119TH STREET",,"New York","NY","10027"
"11186203","111862","CorporateOwner","CORP","TRUSTEES OF COLUMBIA UNIVERSITY",,,,,"400","WEST 119TH STREET",,"NEW YORK","NY","10027"
"38720103","387201","CorporateOwner","CORP","NEW YORK UNIVERSITY",,,,,"10","ASTOR PLACE","7TH FL","New York","NY","10003"
"11949303","119493","CorporateOwner","CORP","TRUSTEES OF COLUMBIA UNIVERSITY",,,,,"400","WEST 119TH STREET",,"NEW YORK","NY","10027"
"10281403","102814","CorporateOwner","CORP","TRUSTEES OF COLUMBIA UNIVERSITY",,,,,"400","WEST 119TH STREET",,"NEW YORK","NY","10027"
"13209104","132091","Agent","JOINT","COLUMBIA UNIVERSITY",,"YEON-KOO",,"CHE","215","215 W 95TH ST","PHF","NEW YORK CITY","NY","10025"
"11890103","118901","CorporateOwner","CORP","NEW YORK UNIVERSITY",,,,,"10","ASTOR PLACE","7TH FL","NEW YORK","NY","10003"
"11890104","118901","Agent","CORP","NEW YORK UNIVERSITY",,"THOMAS",,"CHING","10","ASTOR PLACE","7TH FL","NEW YORK","NY","10003"
"11877603","118776","CorporateOwner","CORP","TRUSTEES OF COLUMBIA UNIVERSITY",,,,,"400","WEST 119TH STREET",,"NEW YORK","NY","10027"
"10771603","107716","CorporateOwner","CORP","NEW YORK UNIVERSITY",,,,,"70","WASHINGTON SQ SOUTH",,"NEW YORK","NY","10003"
"10675003","106750","CorporateOwner","CORP","TRUSTEES OF COLUMBIA UNIVERSITY",,,,,"400","WEST 119TH STREET",,"NEW YORK","NY","10027"
"11926003","119260","CorporateOwner","CORP","TRUSTEES OF COLUMBIA UNIVERSITY",,,,,"400","WEST 119TH STREET",,"NEW YORK","NY","10027"
"12382103","123821","CorporateOwner","CORP","TRUSTEES OF COLUMBIA UNIVERSITY",,,,,"400","WEST 119TH STREET",,"NEW YORK","NY","10027"
"14197703","141977","CorporateOwner","CORP","NEW YORK UNIVERSITY",,,,,"10","ASTOR PLACE","7TH FL","NEW YORK","NY","10003"
"14197704","141977","Agent","CORP","NEW YORK UNIVERSITY",,"THOMAS",,"CHING","10","ASTOR PLACE","7TH FL","New York","NY","10003"
"14042303","140423","CorporateOwner","CORP","NEW YORK UNIVERSITY",,,,,"10","ASTOR PLACE","7TH FL","NEW YORK","NY","10003"
"14042304","140423","Agent","CORP","NEW YORK UNIVERSITY",,"THOMAS",,"CHING","10","ASTOR PLACE","7TH FL","NEW YORK","NY","10003"
"11363303","113633","CorporateOwner","CORP","TRUSTEES OF COLUMBIA UNIVERSITY",,,,,"400","WEST 119TH STREET",,"NEW YORK","NY","10027"
"42842503","428425","CorporateOwner","NOT FOR PROFIT","ST JOHNS UNIVERSITY, NEW YORK",,,,,"8000","UTOPIA PAKRWAY",,"JAMAICA","NY","11439"
"14440603","144406","CorporateOwner","CORP","NEW YORK UNIVERSITY",,,,,"10","ASTOR PLACE",,"NEW YORK","NY","10003"
"14440604","144406","Agent","CORP","NEW YORK UNIVERSITY",,"THOMAS",,"CHING","10","ASTOR PLACE","7TH FL","New York","NY","10003"
"13216303","132163","CorporateOwner","CORP","TRUSTEES OF COLUMBIA UNIVERSITY",,,,,"400","WEST 119TH STREET",,"New York","NY","10027"
"14428503","144285","CorporateOwner","CORP","NEW YORK UNIVERSITY",,,,,"70","WASHINGTON SQUARE SOUTH",,"New York","NY","10012"
"11877803","118778","CorporateOwner","CORP","TRUSTEES OF COLUMBIA UNIVERSITY",,,,,"400","WEST 119TH STREET",,"NEW YORK","NY","10027"
"10497103","104971","CorporateOwner","CORP","TRUSTEES OF COLUMBIA UNIVERSITY",,,,,"400","WEST 119TH STREET",,"NEW YORK","NY","10027"
"14068803","140688","CorporateOwner","CORP","NEW YORK UNIVERSITY",,,,,"10","ASTOR PLACE","7TH FL","NEW YORK","NY","10003"
"14068804","140688","Agent","CORP","NEW YORK UNIVERSITY",,"THOMAS",,"CHING","10","ASTOR PLACE","7TH FL","New York","NY","10003"
"12580403","125804","CorporateOwner","CORP","NEW YORK UNIVERSITY",,,,,"70","WASHINGTON SQ SOUTH",,"NEW YORK","NY","10012"
"12580404","125804","Agent","CORP","NEW YORK UNIVERSITY",,"ANGEL",,"PERLAZA","2","WASHINGTON SQUARE VILLAGE","1T","New York","NY","10012"
"12293403","122934","CorporateOwner","CORP","TRUSTEES OF COLUMBIA UNIVERSITY",,,,,"400","WEST 119TH STREET",,"NEW YORK","NY","10027"
"13872803","138728","CorporateOwner","CORP","NEW YORK UNIVERSITY",,,,,"10","ASTOR PLACE","7TH FL","NEW YORK","NY","10003"
"13872804","138728","Agent","CORP","NEW YORK UNIVERSITY",,"THOMAS",,"CHING","10","ASTOR PLACE","7TH FL","NEW YORK","NY","10003"
"11220603","112206","CorporateOwner","CORP","TRUSTEES OF COLUMBIA UNIVERSITY",,,,,"400","WEST 119TH STREET",,"NEW YORK","NY","10027"
"12747703","127477","CorporateOwner","CORP","TRUSTEES OF COLUMBIA UNIVERSITY",,,,,"400","WEST 119TH STREET",,"NEW YORK","NY","10027"
"10451903","104519","CorporateOwner","CORP","TRUSTEES OF COLUMBIA UNIVERSITY",,,,,"400","WEST 119TH STREET",,"NEW YORK","NY","10027"
"13117103","131171","CorporateOwner","CORP","TRUSTEES OF COLUMBIA UNIVERSITY",,,,,"400","WEST 119TH STREET",,"New York","NY","10027"
"10370403","103704","CorporateOwner","CORP","NEW YORK UNIVERSITY",,,,,"70","WASHINGTON SQUARE SOUTH",,"NY","NY","10003"
"10370404","103704","Agent","CORP","NEW YORK UNIVESITY",,"ANGEL",,"PERLAZA","2","WASHINGTON SQ VILLAGE","1T","New York","NY","10012"
"12855003","128550","CorporateOwner","CORP","TRUSTEES OF COLUMBIA UNIVERSITY",,,,,"400","WEST 119TH STREET",,"NEW YORK","NY","10027"
"10291203","102912","CorporateOwner","CORP","TRUSTEES OF COLUMBIA UNIVERSITY",,,,,"400","WEST 119TH STREET",,"NEW YORK","NY","10027"
"13876503","138765","CorporateOwner","CORP","TRUSTEES OF COLUMBIA UNIVERSITY",,,,,"400","WEST 119TH STREET",,"New York","NY","10027"
"10770504","107705","Agent","CORP","NEW YORK UNIVERSITY",,"ANGEL",,"PERLAZA","2","WASHINGTON SQ VILLAGE","1T","New York","NY","10012"
"12318703","123187","CorporateOwner","CORP","TRUSTEES OF COLUMBIA UNIVERSITY",,,,,"400","WEST 119TH STREET",,"New York","NY","10027"
"12804303","128043","CorporateOwner","CORP","TRUSTEES OF COLUMBIA UNIVERSITY",,,,,"400","WEST 119TH STREET",,"NEW YORK","NY","10027"
"42842103","428421","CorporateOwner","NOT FOR PROFIT","ST JOHNS UNIVERSITY, NEW YORK",,,,,"8000","UTOPIA PARKWAY",,"JAMAICA","NY","11439"
"42842104","428421","Agent","NOT FOR PROFIT","ST. JOHNS UNIVERSITY",,"BRIAN","C","BAUMER","8000","UTOPIA PARKWAY",,"JAMAICA","NY","11439"
"14056903","140569","CorporateOwner","CORP","NEW YORK UNIVERSITY",,,,,"10","ASTOR PLACE","7TH FL","NEW YORK","NY","10003"
"14056904","140569","Agent","CORP","NEW YORK UNIVERSITY",,"THOMAS",,"CHING","10","ASTOR PLACE","7TH FL","NEW YORK","NY","10003"
"11265703","112657","CorporateOwner","CORP","TRUSTEES OF COLUMBIA UNIVERSITY",,,,,"400","WEST 118TH STREET",,"New York","NY","10027"
"14199903","141999","CorporateOwner","CORP","NEW YORK UNIVERSITY",,,,,"70","WASHINGTON SQ SO","1206","NEW YORK","NY","10012"
"10291803","102918","CorporateOwner","CORP","TRUSTEES OF COLUMBIA UNIVERSITY",,,,,"400","WEST 119TH STREET",,"NEW YORK","NY","10027"
"12797403","127974","CorporateOwner","CORP","TRUSTEES OF COLUMBIA UNIVERSITY",,,,,"400","WEST 119TH STREET",,"NEW YORK","NY","10027"
"12855903","128559","CorporateOwner","CORP","TRUSTEES OF COLUMBIA UNIVERSITY",,,,,"400","WEST 119TH STREET",,"NEW YORK","NY","10027"
"11538303","115383","CorporateOwner","CORP","TRUSTEES OF COLUMBIA UNIVERSITY",,,,,"400","WEST 119TH STREET",,"NEW YORK","NY","10027"
"10711603","107116","CorporateOwner","CORP","TRUSTEES OF COLUMBIA UNIVERSITY",,,,,"400","WEST 119TH STREET",,"NEW YORK","NY","10027"
"36620203","366202","CorporateOwner","CORP","PRATT INSTITUTE",,,,,"200","WILLOUGHBY AVENUE",,"Brooklyn","NY","11205"
"36620204","366202","Agent","CORP","PRATT INSTITUTE",,"CHRISTOPHER",,"GAVLICK","200","WILLOUGHBY AVENUE",,"Brooklyn","NY","11205"
"12384603","123846","CorporateOwner","CORP","TRUSTEES OF COLUMBIA UNIVERSITY",,,,,"400","WEST 119TH STREET",,"NEW YORK","NY","10027"
"11101703","111017","CorporateOwner","CORP","TRUSTEES OF COLUMBIA UNIVERSITY",,,,,"400","WEST 119TH STREET",,"NEW YORK","NY","10027"
"12878903","128789","CorporateOwner","CORP","TRUSTEES OF COLUMBIA UNIVERSITY",,,,,"400","WEST 119TH STREET",,"NEW YORK","NY","10027"
"14252703","142527","CorporateOwner","CORP","NEW YORK UNIVERSITY",,,,,"70","WASHINGTON SQ S","1206","NEW YORK","NY","10012"
"14252704","142527","Agent","CORP","NEW YORK UNIVERSITY",,"ANDREW",,"LAWN","245","SULLIVAN","LC-20","NEW YORK","NY","10012"
"11033403","110334","CorporateOwner","CORP","TRUSTEES OF COLUMBIA UNIVERSITY",,,,,"400","WEST 119TH STREET",,"NEW YORK","NY","10027"
"12883603","128836","CorporateOwner","CORP","TRUSTEES OF COLUMBIA UNIVERSITY",,,,,"400","WEST 119TH STREET",,"NEW YORK","NY","10027"
"10097603","100976","CorporateOwner","CORP","TRUSTEES OF COLUMBIA UNIVERSITY",,,,,"400","WEST 119TH STREET",,"NEW YORK","NY","10027"
"12318803","123188","CorporateOwner","CORP","TRUSTEES OF COLUMBIA UNIVERSITY",,,,,"400","WEST 119TH STREET",,"NEW YORK","NY","10027"
"10282403","102824","CorporateOwner","CORP","TRUSTEES OF COLUMBIA UNIVERSITY",,,,,"400","WEST 119TH STREET",,"NEW YORK","NY","10027"
"10291403","102914","CorporateOwner","CORP","THE TRUSTEES OF COLUMBIA UNIVERSITY",,,,,"400","W 119 ST",,"NEW YORK","NY","10027"
"36856603","368566","CorporateOwner","CORP","PRATT INSTITUTE",,,,,"200","WILLOUGHBY AVENUE",,"Brooklyn","NY","11205"
"36856604","368566","Agent","CORP","PRATT INSTITUTE",,"CHRISTOPHER",,"GAVLICK","200","WILLOUGHBY AVENUE",,"Brooklyn","NY","11205"
"10012903","100129","CorporateOwner","CORP","TRUSTEES OF COLUMBIA UNIVERSITY",,,,,"400","WEST 119TH STREET",,"NEW YORK","NY","10027"
"12081203","120812","CorporateOwner","CORP","TRUSTEES OF COLUMBIA UNIVERSITY",,,,,"400","WEST 119TH STREET",,"NEW YORK","NY","10027"
"12293603","122936","CorporateOwner","CORP","TRUSTEES OF COLUMBIA UNIVERSITY",,,,,"400","WEST 119TH STREET",,"NEW YORK","NY","10027"
"10290303","102903","CorporateOwner","CORP","TRUSTEES OF COLUMBIA UNIVERSITY",,,,,"400","WEST 119TH STREET",,"NEW YORK","NY","10027"
"42841603","428416","CorporateOwner","NOT FOR PROFIT","ST JOHNS UNIVERSITY, NEW YORK",,,,,"8000","UTOPIA PARKWAY",,"JAMAICA","NY","11439"
"14303903","143039","CorporateOwner","CORP","NEW YORK UNIVERSITY",,,,,"70","WASHINGTON SQUARE SOUTH",,"New York","NY","10012"
"14303904","143039","Agent","CORP","NEW YORK UNIVERSITY",,"ANGEL",,"PERLAZA","2","WASHINGTON SQ VILLAGE","1T","New York","NY","10012"
"10289103","102891","CorporateOwner","CORP","TRUSTEES OF COLUMBIA UNIVERSITY",,,,,"400","WEST 119TH STREET",,"NEW YORK","NY","10027"
"10310003","103100","CorporateOwner","CORP","TRUSTEES OF COLUMBIA UNIVERSITY",,,,,"400","WEST 119TH STREET",,"NEW YORK","NY","10027"
"10289303","102893","CorporateOwner","CORP","TRUSTEES OF COLUMBIA UNIVERSITY",,,,,"400","WEST 119TH STREET",,"NEW YORK","NY","10027"
"11879303","118793","CorporateOwner","CORP","TRUSTEES OF COLUMBIA UNIVERSITY",,,,,"400","WEST 119TH STREET",,"NEW YORK","NY","10027"
"10403603","104036","CorporateOwner","CORP","TRUSTEES OF COLUMBIA UNIVERSITY",,,,,"400","WEST 119TH STREET",,"NEW YORK","NY","10027"
"10291903","102919","CorporateOwner","CORP","TRUSTEES OF COLUMBIA UNIVERSITY",,,,,"400","WEST 119TH STREET",,"NEW YORK","NY","10027"
"12384703","123847","CorporateOwner","CORP","TRUSTEES OF COLUMBIA UNIVERSITY",,,,,"400","WEST 119TH STREET",,"NEW YORK","NY","10027"
"12081303","120813","CorporateOwner","CORP","TRUSTEES OF COLUMBIA UNIVERSITY",,,,,"400","WEST 119TH STREET",,"NEW YORK","NY","10027"
"12854903","128549","CorporateOwner","CORP","THE TRUSTEES OF COLUMBIA UNIVERSITY",,,,,"400","W 119 ST",,"NEW YORK","NY","10027"
"14428603","144286","CorporateOwner","CORP","NEW YORK UNIVERSITY",,,,,"70","WASHINGTON SQUARE SOUTH",,"New York","NY","10012"
"14428604","144286","Agent","CORP","NEW YORK UNIVERSITY",,"ANGEL",,"PERLAZA","2","WASHINGTON SQUARE VILLAGE","1T","New York","NY","10012"
"13243903","132439","CorporateOwner","CORP","NEW YORK UNIVERSITY",,,,,"10","ASTOR PLACE","7TH FL","NEW YORK","NY","10003"
"13243904","132439","Agent","CORP","NEW YORK UNIVERSITY",,"THOMAS",,"CHING","10","ASTOR PLACE","7TH FL","NEW YORK","NY","10003"
"12872403","128724","CorporateOwner","CORP","TRUSTEES OF COLUMBIA UNIVERSITY",,,,,"400","WEST 119TH STREET",,"New York","NY","10027"
"10291703","102917","CorporateOwner","CORP","TRUSTEES OF COLUMBIA UNIVERSITY",,,,,"400","WEST 119TH STREET",,"NEW YORK","NY","10027"
"12469603","124696","CorporateOwner","CORP","TRUSTEES OF COLUMBIA UNIVERSITY",,,,,"400","WEST 119TH STREET",,"New York","NY","10027"
"11877503","118775","CorporateOwner","CORP","TRUSTEES OF COLUMBIA UNIVERSITY",,,,,"400","WEST 119TH STREET",,"NEW YORK","NY","10027"
"12704303","127043","CorporateOwner","CORP","TRUSTEES OF COLUMBIA UNIVERSITY",,,,,"400","WEST 119TH STREET",,"NEW YORK","NY","10027"
"10224003","102240","CorporateOwner","CORP","TRUSTEES OF COLUMBIA UNIVERSITY",,,,,"400","WEST 119TH STREET",,"NEW YORK","NY","10027"
"10503103","105031","CorporateOwner","CORP","TRUSTEES OF COLUMBIA UNIVERSITY",,,,,"400","WEST 119TH STREET",,"NEW YORK","NY","10027"
"12445203","124452","CorporateOwner","CORP","TRUSTEES OF COLUMBIA UNIVERSITY",,,,,"400","WEST 119TH STREET",,"New York","NY","10027"
"11354003","113540","CorporateOwner","CORP","TRUSTEES OF COLUMBIA UNIVERSITY",,,,,"400","WEST 119TH STREET",,"NEW YORK","NY","10027"
"13359903","133599","CorporateOwner","CORP","TRUSTEES OF COLUMBIA UNIVERSITY",,,,,"400","WEST 119TH STREET",,"NEW YORK","NY","10027"
"42841403","428414","CorporateOwner","NOT FOR PROFIT","ST JOHNS UNIVERSITY, NEW YORK",,,,,"8000","UTOPIA PARKWAY",,"JAMAICA","NY","11439"
"14250503","142505","CorporateOwner","CORP","TRUSTEES OF COLUMBIA UNIVERSITY",,,,,"400","WEST 119TH STREET",,"NEW YORK","NY","10027"
"12847803","128478","CorporateOwner","CORP","TRUSTEES OF COLUMBIA UNIVERSITY",,,,,"400","WEST 119TH STREET",,"NEW YORK","NY","10027"
"13420203","134202","CorporateOwner","CORP","TRUSTEES OF COLUMBIA UNIVERSITY",,,,,"400","WEST 119TH STREET",,"New York","NY","10027"
"14109303","141093","CorporateOwner","CORP","TRUSTEES OF COLUMBIA UNIVERSITY",,,,,"400","WEST 119TH STREET",,"New York","NY","10027"
"10314103","103141","CorporateOwner","CORP","TRUSTEES OF COLUMBIA UNIVERSITY",,,,,"400","WEST 119TH STREET",,"NEW YORK","NY","10027"
"12159203","121592","CorporateOwner","CORP","TRUSTEES OF COLUMBIA UNIVERSITY",,,,,"400","WEST 119TH STREET",,"NEW YORK","NY","10027"
"71074314","710743","Lessee","CORP","FORDHAM UNIVERSITY",,"DEBORAH","L","RUSSELLI","441","E FORDHAM RD Cunniffe House","200","BRONX","NY","10458"
"10281303","102813","CorporateOwner","CORP","TRUSTEES OF COLUMBIA UNIVERSITY",,,,,"400","WEST 119TH STREET",,"NEW YORK","NY","10027"
"13056703","130567","CorporateOwner","CORP","TRUSTEES OF COLUMBIA UNIVERSITY CIT",,,,,"400","W 119 ST",,"NEW YORK","NY","10027"
"11196803","111968","CorporateOwner","CORP","TRUSTEES OF COLUMBIA UNIVERSITY",,,,,"400","WEST 119TH STREET",,"NEW YORK","NY","10027"
"11354103","113541","CorporateOwner","CORP","TRUSTEES OF COLUMBIA UNIVERSITY",,,,,"400","WEST 119TH STREET",,"New York","NY","10027"
"11852903","118529","CorporateOwner","CORP","TRUSTEES OF COLUMBIA UNIVERSITY",,,,,"400","WEST 119TH STREET",,"NEW YORK","NY","10027"
"13995603","139956","CorporateOwner","CORP","COLUMBIA UNIVERSITY",,,,,"650","W 168TH ST",,"New York","NY","10032"
"13742803","137428","CorporateOwner","CORP","NEW YORK UNIVERSITY",,,,,"10","ASTOR PLACE",,"NEW YORK","NY","10003"
"13742804","137428","Agent","CORP","NEW YORK UNIVERSITY",,"WILLIAM",,"FILARDI","10","ASTOR PLACE","7TH FL","NEW YORK","NY","10003"
"10106203","101062","CorporateOwner","CORP","TRUSTEES OF COLUMBIA UNIVERSITY",,,,,"400","WEST 119TH STREET",,"NEW YORK","NY","10027"
"14399803","143998","CorporateOwner","nonprofit corp","COLUMBIA UNIVERSITY",,,,,"650","W 168TH ST","B07","New York","NY","10032"
"10290703","102907","CorporateOwner","CORP","TRUSTEES OF COLUMBIA UNIVERSITY",,,,,"400","WEST 119TH STREET",,"NEW YORK","NY","10027"
"10148703","101487","CorporateOwner","CORP","TRUSTEES OF COLUMBIA UNIVERSITY",,,,,"400","WEST 119TH STREET",,"New York","NY","10027"
"11877303","118773","CorporateOwner","CORP","TRUSTEES OF COLUMBIA UNIVERSITY",,,,,"400","WEST 119TH STREET",,"NEW YORK","NY","10027"
"12774703","127747","CorporateOwner","CORP","TRUSTEES OF COLUMBIA UNIVERSITY",,,,,"400","WEST 118TH STREET",,"New York","NY","10027"
"11125303","111253","CorporateOwner","CORP","TRUSTEES OF COLUMBIA UNIVERSITY",,,,,"400","WEST 119 STREET",,"NEW YORK","NY","10027"
"12384103","123841","CorporateOwner","CORP","TRUSTEES OF COLUMBIA UNIVERSITY",,,,,"400","WEST 119TH STREET",,"NEW YORK","NY","10027"
"10108603","101086","CorporateOwner","CORP","TRUSTEES OF COLUMBIA UNIVERSITY",,,,,"400","WEST 119TH STREET",,"NEW YORK","NY","10027"
"14257103","142571","CorporateOwner","CORP","NEW YORK UNIVERSITY",,,,,"70","WASHINGTON SQUARE","1206","NEW YORK","NY","10012"
"12384003","123840","CorporateOwner","CORP","TRUSTEES OF COLUMBIA UNIVERSITY",,,,,"400","WEST 119TH STREET",,"NEW YORK","NY","10027"
"10289603","102896","CorporateOwner","CORP","TRUSTEES OF COLUMBIA UNIVERSITY",,,,,"400","WEST 119TH STREET",,"NEW YORK","NY","10027"
"10289803","102898","CorporateOwner","CORP","THE TRUSTEES OF COLUMBIA UNIVERSITY",,,,,"400","WEST 119 STREET",,"NEW YORK","NY","10027"
"11561203","115612","CorporateOwner","CORP","TRUSTEES OF COLUMBIA UNIVERSITY",,,,,"400","WEST 119TH STREET",,"NEW YORK","NY","10027"
"11926103","119261","CorporateOwner","CORP","TRUSTEES OF COLUMBIA UNIVERSITY",,,,,"400","WEST 119TH STREET",,"NEW YORK","NY","10027"
"10354103","103541","CorporateOwner","CORP","THE NEW SCHOOL",,,,,"55","WEST 13TH STREET",,"New York","NY","10011"
"12809503","128095","CorporateOwner","CORP","TRUSTEES OF COLUMBIA UNIVERSITY",,,,,"400","WEST 119TH STREET",,"NEW YORK","NY","10027"
"10771103","107711","CorporateOwner","CORP","NEW YORK UNIVERSITY",,,,,"70","WSHINGTON SQ SOUTH",,"NEW YORK","NY","10012"
"10771104","107711","Agent","CORP","NEW YORK UNIVERSITY",,"ANGEL",,"PERLAZA","2","WASHINGTON SQ VILLAGE","1T","New York","NY","10012"
"14225103","142251","CorporateOwner","CORP","NEW YORK UNIVERSITY",,,,,"10","ASTOR PLACE","7TH FL","NEW YORK","NY","10003"
"14225104","142251","Agent","CORP","NEW YORK UNIVERSITY",,"THOMAS",,"CHING","10","ASTOR PLACE","7TH FL","NEW YORK","NY","10003"
"12581703","125817","CorporateOwner","CORP","TRUSTEES OF COLUMBIA UNIVERSITY",,,,,"400","WEST 119TH STREET",,"NEW YORK","NY","10027"
"11877003","118770","CorporateOwner","CORP","TRUSTEES OF COLUMBIA UNIVERSITY",,,,,"400","WEST 119TH STREET",,"NEW YORK","NY","10027"
"38096103","380961","CorporateOwner","CORP","PRATT INSTITUTE",,,,,"200","WILLOUGHBY AVENUE",,"Brooklyn","NY","11205"
"38096104","380961","Agent","CORP","PRATT INSTUTUTE FACILITIES DEPARTMENT",,"CHRISTOPHER",,"GAVLICK","200","WILLOUGHBY AVENUE",,"BROOKLYN","NY","11205"
"12786903","127869","CorporateOwner","CORP","TRUSTEES OF COLUMBIA UNIVERSITY",,,,,"400","W 119 ST",,"NEW YORK","NY","10027"
"12110503","121105","CorporateOwner","CORP","TRUSTEES OF COLUMBIA UNIVERSITY",,,,,"400","WEST 119TH STREET",,"NEW YORK","NY","10027"
"10290803","102908","CorporateOwner","CORP","TRUSTEES OF COLUMBIA UNIVERSITY",,,,,"400","WEST 119TH STREET",,"NEW YORK","NY","10027"
"21845403","218454","CorporateOwner","CORP","FORDHAM UNIVERSITY",,,,,"2537","CAMBRELING AVE",,"BRONX","NY","10458"
"21845404","218454","Agent","CORP","FORDHAM UNIVERSITY",,"JOHN",,"PUGLISI","441","E. FORDHAM RD",,"BRONX","NY","10458"
"10291003","102910","CorporateOwner","CORP","TRUSTEES OF COLUMBIA UNIVERSITY",,,,,"400","WEST 119TH STREET",,"NEW YORK","NY","10027"
"10771503","107715","CorporateOwner","CORP","NEW YORK UNIVERSITY",,,,,"70","WASHINGTON SQ SOUTH",,"NEW YORK","NY","10012"
"10771504","107715","Agent","CORP","NEW YORK UNIVERSITY",,"ANGEL",,"PERLAZA","2","WASHINGTON SQ VILLAGE","1T","New York","NY","10012"
"10290903","102909","CorporateOwner","CORP","TRUSTEES OF COLUMBIA UNIVERSITY",,,,,"400","WEST 119TH STREET",,"NEW YORK","NY","10027"
"14106803","141068","CorporateOwner","CORP","NEW YORK UNIVERSITY",,,,,"70","WASHINGTON SQUARE",,"New York","NY","10012"
"14106804","141068","Agent","CORP","NEW YORK UNIVERSITY",,"ANGEL",,"PERLAZA","2","WASHINGTON SQUARE VILLAGE","1T","New York","NY","10012"
"14200003","142000","CorporateOwner","CORP","NEW YORK UNIVERSITY",,,,,"70","WASHINGTON SQ SOUTH",,"NEW YORK","NY","10012"
"14108903","141089","CorporateOwner","CORP","FORDHAM UNIVERSITY",,,,,"441","E. FORDHAM ROAD",,"Bronx","NY","10458"
"14108904","141089","Agent","CORP","FORDHAM UNIVERSITY",,"JOHN",,"PUGLISI","441","E. FORDHAM ROAD",,"Bronx","NY","10458"
"14077703","140777","CorporateOwner","CORP","NEW YORK UNIVERSITY",,,,,"339","EAST 28TH STREET",,"New York","NY","10016"
"10233703","102337","CorporateOwner","CORP","TRUSTEES OF COLUMBIA UNIVERSITY",,,,,"400","WEST 119TH STREET",,"NEW YORK","NY","10027"
"10807003","108070","CorporateOwner","CORP","TRUSTEES OF COLUMBIA UNIVERSITY",,,,,"400","WEST 119TH STREET",,"NEW YORK","NY","10027"
"12887603","128876","CorporateOwner","CORP","TRUSTEES OF COLUMBIA UNIVERSITY",,,,,"400","WEST 119TH STREET",,"New York","NY","10027"
"13793503","137935","CorporateOwner","CORP","TRUSTEES OF COLUMBIA UNIVERSITY",,,,,"400","WEST 119 STREET",,"NY","NY","10027"
"14055803","140558","CorporateOwner","CORP","NEW YORK UNIVERSITY",,,,,"10","ASTOR PLACE","7TH FL","NEW YORK","NY","10003"
"14055804","140558","Agent","CORP","NEW YORK UNIVERSITY",,"THOMAS",,"CHING","10","ASTOR PLACE","7TH FL","NEW YORK","NY","10003"
"10234703","102347","CorporateOwner","CORP","TRUSTEES OF COLUMBIA UNIVERSITY",,,,,"400","WEST 119TH STREET",,"NEW YORK","NY","10027"
"10549103","105491","CorporateOwner","CORP","TRUSTEES OF COLUMBIA UNIVERSITY",,,,,"400","WEST 119TH STREET",,"NEW YORK","NY","10027"
"10289503","102895","CorporateOwner","CORP","TRUSTEES OF COLUMBIA UNIVERSITY",,,,,"400","WEST 119TH STREET",,"NEW YORK","NY","10027"
"42826414","428264","Lessee","GEN.PART","St. Johns University",,"Jason",,"Bartlett","8000","Utopia Parkway",,"Jamaica","NY","11439"
"11031503","110315","CorporateOwner","CORP","TRUSTEES OF COLUMBIA UNIVERSITY",,,,,"400","WEST 119TH STREET",,"NEW YORK","NY","10027"
"10771003","107710","CorporateOwner","CORP","NEW YORK UNIVERSITY",,,,,"70","WASHINGTON SQ SOUTH",,"NEW YORK","NY","10012"
"10771004","107710","Agent","CORP","NEW YORK UNIVERSITY",,"ANGEL",,"PERLAZA","2","WASHINGTON SQ VILLAGE","1T","New York","NY","10012"
"11802203","118022","CorporateOwner","CORP","TRUSTEES OF COLUMBIA UNIVERSITY",,,,,"400","WEST 119TH STREET",,"NEW YORK","NY","10027"
"12292803","122928","CorporateOwner","CORP","TRUSTEES OF COLUMBIA UNIVERSITY",,,,,"400","WEST 119TH STREET",,"NEW YORK","NY","10027"
"14359703","143597","CorporateOwner","CORP","NEW YORK UNIVERSITY",,,,,"10","ASTOR PLACE","7TH FL","New York","NY","10003"
"14359704","143597","Agent","CORP","NEW YORK UNIVERSITY",,"THOMAS",,"CHING","10","ASTOR PLACE","7TH FL","New York","NY","10003"
"14225203","142252","CorporateOwner","CORP","NEW YORK UNIVERSITY",,,,,"10","ASTOR PLACE","6TH","NEW YORK","NY","10003"
"14225204","142252","Agent","CORP","NEW YORK UNIVERSITY",,"THOMAS",,"CHING","10","ASTOR PLACE","7TH FL","NEW YORK","NY","10003"
"12699003","126990","CorporateOwner","CORP","TRUSTEES OF COLUMBIA UNIVERSITY`",,,,,"400","WEST 119TH STREET",,"NEW YORK","NY","10027"
"12785903","127859","CorporateOwner","CORP","TRUSTEES OF COLUMBIA UNIVERSITY",,,,,"400","WEST 119TH STREET",,"New York","NY","10027"
"10770903","107709","CorporateOwner","CORP","NYU REAL ESATE CORP",,,,,"70","WASHINGTON SQ SOUTH",,"NEW YORK","NY","10012"
"10770904","107709","Agent","CORP","NEW YORK UNIVERSITY",,"ANGEL",,"PERLAZA","2","WASHINGTON SQ VILLAGE","1T","New York","NY","10012"
"10918003","109180","CorporateOwner","CORP","TRUSTEES OF COLUMBIA UNIVERSITY",,,,,"400","WEST 119TH STREET",,"NEW YORK","NY","10027"
"10774603","107746","CorporateOwner","CORP","TRUSTEES OF COLUMBIA UNIVERSITY",,,,,"400","WEST 119TH STREET",,"NEW YORK","NY","10027"
"11852703","118527","CorporateOwner","CORP","TRUSTEES OF COLUMBIA UNIVERSITY",,,,,"400","WEST 119TH STREET",,"NEW YORK","NY","10027"
"14260903","142609","CorporateOwner","NON-PROFIT CORP","NEW YORK UNIVERSITY",,,,,"339","EAST 28TH STREET",,"NEW YORK","NY","10016"
"14260904","142609","Agent","NON-PROFIT CORP","NEW YORK UNIVERSITY",,"SCOTT",,"LUBIN","ONE","PARK AVENUE","5-893","NEW YORK","NY","10016"
"10094603","100946","CorporateOwner","CORP","TRUSTEES OF COLUMBIA UNIVERSITY",,,,,"400","WEST 119TH STREET",,"NEW YORK","NY","10027"
"61103003","611030","CorporateOwner","CORP","TRUSTEES OF COLUMBIA UNIVERSITY",,,,,"400","WEST 119 STREET",,"New York","NY","10027"
"13405403","134054","CorporateOwner","CORP","TRUSTEES OF COLUMBIA UNIVERSITY",,,,,"400","WEST 119TH STREET",,"NEW YORK","NY","10027"
"13804303","138043","CorporateOwner","CORP","NEW YORK UNIVERSITY",,,,,"70","WASHINGTON SQUARE",,"New York","NY","10012"
"13804304","138043","Agent","CORP","NEW YORK UNIVERSITY",,"ANGEL",,"PERLAZA","2","WASHINGTON SQUARE VILLAGE","1T","New York","NY","10012"
"10892403","108924","CorporateOwner","CORP","TRUSTEES OF COLUMBIA UNIVERSITY",,,,,"400","WEST 119TH STREET",,"NEW YORK","NY","10027"
"12267203","122672","CorporateOwner","CORP","TRUSTEES OF COLUMBIA UNIVERSITY",,,,,"400","WEST 119TH STREET",,"NEW YORK","NY","10027"
"12110603","121106","CorporateOwner","CORP","TRUSTEE OF COLUMBIA UNIVERSITY",,,,,"400","WEST 119TH STREET",,"NEW YORK","NY","10027"
"12389203","123892","CorporateOwner","CORP","TRUSTEES OF COLUMBIA UNIVERSITY",,,,,"400","WEST 118TH STREET",,"New York","NY","10027"
"10289403","102894","CorporateOwner","CORP","TRUSTEES OF COLUMBIA UNIVERSITY",,,,,"400","WEST 119TH STREET",,"NEW YORK","NY","10027"
"14397104","143971","Agent","CORP","COLUMBIA UNIVERSITY",,"Mario",,"Rapetti","50","Haven Avenue","Suite","New York","NY","10032"
"14257104","142571","Agent","CORP","NEW YORK UNIVERSITY",,"PETER",,"MILONAS","110","WEST 3RD STREET",,"NEW YORK","NY","10012"
"14200004","142000","Agent","CORP","NEW YORK UNIVERSITY",,"PETER",,"MILONAS","110","WEST 3RD STREET",,"New York","NY","10003"
"14199904","141999","Agent","CORP","NEW YORK UNIVERSITY",,"PETER",,"MILONAS","110","WEST 3RD STREET",,"NEW YORK","NY","10012"
"14233504","142335","Agent","CORP","COLUMBIA UNIVERSITY",,"Mario","B","Rapetti","50","Haven Avenue","Suite","New York","NY","10032"
"14397103","143971","CorporateOwner","CORP","COLUMBIA UNIVERSITY",,,,,"630","W 168TH ST",,"New York","NY","10032"
"14233503","142335","CorporateOwner","CORP","COLUMBIA UNIVERSITY",,,,,"630","W 168TH ST",,"New York","NY","10032"
"13546303","135463","CorporateOwner","CORP","NEW YORK UNIVERSITY",,,,,"339","EAST 28TH STREET",,"New York","NY","10016"
"10617504","106175","Agent","INDIV","COLUMBIA UNIVERSITY",,"Mario",,"Rapetti","60","Haven Avenue","104","New York","NY","10032"
"13995604","139956","Agent","CORP","COLUMBIA UNIVERSITY",,"Mario",,"Rapetti","50","Haven Avenue",,"New York","NY","10032"
"13546304","135463","Agent","CORP","NEW YORK UNIVERSITY",,"SCOTT",,"LUBLIN","1","PARK AVENUE","5-893","New York","NY","10016"
"12110303","121103","CorporateOwner","Non Profit Corp","COLUMBIA UNIVERSITY",,,,,"650","W 168TH ST",,"New York","NY","10032"
"12110304","121103","Agent","Non Profit Corp","COLUMBIA UNIVERSITY",,"Mario",,"Rapetti","50","Haven Avenue","104","New York","NY","10032"
"14399704","143997","Agent","nonprofit corp","COLUMBIA UNIVERSITY",,"Mario",,"Rapetti","60","Haven Avenue","104","New York","NY","10032"
"14399804","143998","Agent","nonprofit corp","COLUMBIA UNIVERSITY",,"DIANA",,"MEJIA","50","HAVEN AVE","104","New York","NY","10032"
"13111004","131110","Agent","CORP","NEW YORK UNIVERSITY",,"SCOTT",,"LUBLIN","1","PARK AVENUE","5-893","New York","NY","10016"
"14399703","143997","CorporateOwner","nonprofit corp","COLUMBIA UNIVERSITY",,,,,"630","W 168TH ST",,"New York","NY","10032"
"61100303","611003","CorporateOwner","CORP","NYU School of Law Foundation",,,,,"40","Washington Square South",,"New York","NY","10003"
"11957403","119574","CorporateOwner","CORP","TRUSTEES OF COLUMBIA UNIVERSITY",,,,,"400","W 119 STREET",,"New York","NY","10027"
